,Size,EntryBar,ExitBar,EntryPrice,ExitPrice,SL,TP,PnL,Commission,ReturnPct,EntryTime,ExitTime,Duration,Tag,Entry_λ,Exit_λ
0,-39,6,6,238.5500030517578,234.84002380371095,242.18999633789062,234.84002380371095,107.76476857910112,36.924422094726566,0.011583312341171503,2023-12-12 00:00:00-05:00,2023-12-12 00:00:00-05:00,0 days 00:00:00,,236.44550247192382,236.44550247192382
1,20,9,16,251.2100067138672,261.0920031738281,246.02900299072266,261.0920031738281,177.14784880371081,20.492080395507813,0.0352589156620431,2023-12-15 00:00:00-05:00,2023-12-27 00:00:00-05:00,12 days 00:00:00,,243.850496673584,253.82698669433594
2,29,17,17,263.6600036621094,258.0014846801758,258.0014846801758,268.31703796386716,-194.35341679992644,30.25636632385254,-0.02541850058989916,2023-12-28 00:00:00-05:00,2023-12-28 00:00:00-05:00,0 days 00:00:00,,258.23899841308594,258.23899841308594
3,-19,18,20,255.10000610351562,243.05279296874994,258.2435925292969,243.05279296874994,209.9672431958019,18.929806364746092,0.0433199030663169,2023-12-29 00:00:00-05:00,2024-01-03 00:00:00-05:00,5 days 00:00:00,,246.34899368286133,244.65800018310546
4,-21,21,26,239.25,228.9119970703125,243.21899688720703,228.9119970703125,197.4352576464842,19.662803876953127,0.03929646368044672,2024-01-04 00:00:00-05:00,2024-01-11 00:00:00-05:00,7 days 00:00:00,,233.3020050048828,231.6244987487793
5,-23,27,27,220.0800018310547,218.13120117187498,231.7644012451172,218.13120117187498,24.66469982299857,20.157715338134764,0.004872674683077645,2024-01-12 00:00:00-05:00,2024-01-12 00:00:00-05:00,0 days 00:00:00,,224.16200256347656,224.16200256347656
6,-24,28,28,215.10000610351562,223.2677993774414,223.2677993774414,210.1343994140625,-217.06869323730467,21.041654663085936,-0.04204801779752181,2024-01-16 00:00:00-05:00,2024-01-16 00:00:00-05:00,0 days 00:00:00,,214.385498046875,214.385498046875
7,-38,31,32,209.99000549316406,214.54350204467772,214.54350204467772,206.55301055908205,-205.29741553039509,32.26454657287597,-0.025727717630662287,2024-01-19 00:00:00-05:00,2024-01-22 00:00:00-05:00,3 days 00:00:00,,207.08950958251953,209.09349975585937
8,-45,33,33,211.3000030517578,211.3000030517578,,205.1165069580078,-38.03400054931641,38.03400054931641,-0.004,2024-01-23 00:00:00-05:00,2024-01-23 00:00:00-05:00,0 days 00:00:00,,202.45850372314453,202.45850372314453
9,-27,36,36,185.5,186.28260498046876,186.28260498046876,175.32480468749998,-41.206595141601866,20.076260668945313,-0.008227332562963359,2024-01-26 00:00:00-05:00,2024-01-26 00:00:00-05:00,0 days 00:00:00,,175.51300354003905,175.51300354003905
10,25,38,39,195.3300018310547,187.0,,198.5671923828125,-227.3665458679199,19.116500091552734,-0.04656049633677357,2024-01-30 00:00:00-05:00,2024-01-31 00:00:00-05:00,1 days 00:00:00,,186.63449401855468,188.42749633789063
11,-35,40,42,188.5,181.8524871826172,190.0087463378906,181.8524871826172,206.73827450561444,25.924674102783207,0.031335850626087826,2024-02-01 00:00:00-05:00,2024-02-05 00:00:00-05:00,4 days 00:00:00,,182.8239959716797,184.23050231933593
12,-28,43,43,177.2100067138672,184.68119750976564,184.68119750976564,173.81759765624997,-229.45924972168007,20.265907436523438,-0.046244415630420664,2024-02-06 00:00:00-05:00,2024-02-06 00:00:00-05:00,0 days 00:00:00,,175.74149856567382,175.74149856567382
13,-33,45,45,189.0,190.44926779785155,190.44926779785155,184.24017232259115,-72.86948900375927,25.0436516746582,-0.011683419753689193,2024-02-08 00:00:00-05:00,2024-02-08 00:00:00-05:00,0 days 00:00:00,,183.66950149536132,183.66950149536132
14,-45,46,46,190.17999267578125,191.68199266891477,191.68199266891477,186.9282517751058,-101.95757837203121,34.36757868102264,-0.011913576880221623,2024-02-09 00:00:00-05:00,2024-02-09 00:00:00-05:00,0 days 00:00:00,,186.2380012512207,186.2380012512207
15,41,47,47,192.11000061035156,191.22099571228028,191.22099571228028,198.26803054809568,-67.8823425193782,31.433141698455813,-0.00861832744498638,2024-02-12 00:00:00-05:00,2024-02-12 00:00:00-05:00,0 days 00:00:00,,191.01800765991212,191.01800765991212
16,-25,48,50,183.99000549316406,191.89260498046875,191.89260498046875,180.6048046875,-216.35911770629875,18.79413052368164,-0.04703714576808082,2024-02-13 00:00:00-05:00,2024-02-15 00:00:00-05:00,2 days 00:00:00,,184.0325065612793,185.66301040649415
17,22,51,52,202.05999755859375,196.1300048828125,,208.46799682617188,-147.98019897460938,17.520360107421876,-0.03328898724109676,2024-02-16 00:00:00-05:00,2024-02-20 00:00:00-05:00,4 days 00:00:00,,193.83899459838867,196.77649459838867
18,-23,53,53,193.36000061035156,197.63519439697265,197.63519439697265,186.0095947265625,-116.31523606262195,17.985778970336916,-0.026154241625322896,2024-02-21 00:00:00-05:00,2024-02-21 00:00:00-05:00,0 days 00:00:00,,188.5514938354492,188.5514938354492
19,-25,56,56,192.2899932861328,195.4960018157959,195.4960018157959,184.9180000305176,-99.53951299667344,19.389299755096435,-0.020706124389646446,2024-02-26 00:00:00-05:00,2024-02-26 00:00:00-05:00,0 days 00:00:00,,188.63149719238282,188.63149719238282
20,21,57,61,204.0399932861328,195.41199401855468,195.41199401855468,207.37599365234377,-197.96496808593767,16.776983466796878,-0.04620125246214756,2024-02-27 00:00:00-05:00,2024-03-04 00:00:00-05:00,6 days 00:00:00,,194.0209945678711,199.32899703979493
21,-23,62,62,183.0500030517578,180.61439941406252,191.9027993774414,180.61439941406252,39.29032115356404,16.728562513427736,0.00933228519138914,2024-03-05 00:00:00-05:00,2024-03-05 00:00:00-05:00,0 days 00:00:00,,180.97350006103517,180.97350006103517
22,-24,63,67,179.99000549316406,173.51040527343747,184.35480560302736,173.51040527343747,138.54238555664134,16.968019716796874,0.032071777443290435,2024-03-06 00:00:00-05:00,2024-03-12 00:00:00-04:00,5 days 23:00:00,,176.87901153564454,173.3315086364746
23,-26,69,69,167.77000427246094,162.7007958984375,172.86959564208985,162.7007958984375,114.61493611572288,17.18448160888672,0.026275655131548774,2024-03-14 00:00:00-04:00,2024-03-14 00:00:00-04:00,0 days 00:00:00,,165.68499069213868,165.68499069213868
24,-27,70,71,163.16000366210938,170.02000427246094,,156.0,-203.211736907959,17.9917204284668,-0.04612871081939404,2024-03-15 00:00:00-04:00,2024-03-18 00:00:00-04:00,3 days 00:00:00,,156.63699798583986,161.13900833129884
25,25,72,72,172.36000061035156,170.32400299072265,170.32400299072265,180.75200317382814,-68.0341406707766,17.13420018005371,-0.015788846699897406,2024-03-19 00:00:00-04:00,2024-03-19 00:00:00-04:00,0 days 00:00:00,,168.9489990234375,168.9489990234375
26,34,73,73,173.0,174.60850372314454,168.78005002441407,174.60850372314454,31.051748333740427,23.63737825317383,0.005279113963573639,2024-03-20 00:00:00-04:00,2024-03-20 00:00:00-04:00,0 days 00:00:00,,168.35000228881836,168.35000228881836
27,30,74,74,176.38999938964844,172.80500984191895,172.80500984191895,181.36999130249023,-128.50138698577882,20.951700553894042,-0.024283573791111446,2024-03-21 00:00:00-04:00,2024-03-21 00:00:00-04:00,0 days 00:00:00,,172.6735076904297,172.6735076904297
28,26,78,80,181.41000366210938,174.42025756835938,174.42025756835938,184.1694793701172,-200.2365720214844,18.503173583984378,-0.04245304261475802,2024-03-27 00:00:00-04:00,2024-04-01 00:00:00-04:00,5 days 00:00:00,,173.8915008544922,173.4414909362793
29,-25,82,83,164.02000427246094,170.07000732421875,,159.96480468750002,-167.9545768737793,16.704500579833983,-0.040959534812542206,2024-04-03 00:00:00-04:00,2024-04-04 00:00:00-04:00,1 days 00:00:00,,164.28699951171876,165.33300018310547
30,-24,85,85,169.33999633789062,169.33999633789062,,158.30399414062498,-16.2566396484375,16.2566396484375,-0.004,2024-04-08 00:00:00-04:00,2024-04-08 00:00:00-04:00,0 days 00:00:00,,159.20749053955078,159.20749053955078
31,23,86,88,172.91000366210938,169.52039581298828,169.52039581298828,179.89919555664062,-93.7127789056396,15.751798375854491,-0.023564100177994138,2024-04-09 00:00:00-04:00,2024-04-11 00:00:00-04:00,2 days 00:00:00,,169.28949203491212,169.05399551391602
32,-26,91,91,156.74000549316406,155.02079589843748,164.70959564208985,155.02079589843748,28.487887790527758,16.21156167236328,0.0069904807550307865,2024-04-16 00:00:00-04:00,2024-04-16 00:00:00-04:00,0 days 00:00:00,,156.3594970703125,156.3594970703125
33,-27,94,95,148.97000122070312,140.55999755859375,152.92859252929688,143.93279296875,211.4354789428711,15.634619934082032,0.052567252469502355,2024-04-19 00:00:00-04:00,2024-04-22 00:00:00-04:00,3 days 00:00:00,,148.00499267578124,144.4540023803711
34,-29,96,96,143.3300018310547,144.89100311279296,144.89100311279296,136.36800292968752,-61.98585545715302,16.716818286743163,-0.014912741675294258,2024-04-23 00:00:00-04:00,2024-04-23 00:00:00-04:00,0 days 00:00:00,,138.94800338745117,138.94800338745117
35,26,98,98,158.9600067138672,158.88740478515624,158.88740478515624,168.61520507812503,-18.41571554443398,16.52806539794922,-0.004455817323812453,2024-04-25 00:00:00-04:00,2024-04-25 00:00:00-04:00,0 days 00:00:00,,156.37700119018555,156.37700119018555
36,24,99,99,168.85000610351562,166.77639282226562,166.77639282226562,176.9871923828125,-65.87678589843762,16.1100671484375,-0.016256239146469405,2024-04-26 00:00:00-04:00,2024-04-26 00:00:00-04:00,0 days 00:00:00,,163.29399032592772,163.29399032592772
37,22,101,101,186.97999572753906,186.97999572753906,,201.81200317382815,-16.454239624023437,16.454239624023437,-0.004,2024-04-30 00:00:00-04:00,2024-04-30 00:00:00-04:00,0 days 00:00:00,,186.16850204467772,186.16850204467772
38,-22,102,105,182.0,186.9455987548828,186.9455987548828,175.948798828125,-125.03677895263664,16.233606345214845,-0.03122796677138776,2024-05-01 00:00:00-04:00,2024-05-06 00:00:00-04:00,5 days 00:00:00,,178.81949844360352,177.6920021057129
39,-23,107,107,171.58999633789062,170.69759765624997,181.36619750976564,170.69759765624997,4.779940354004639,15.745229323730468,0.0012111632268068028,2024-05-08 00:00:00-04:00,2024-05-08 00:00:00-04:00,0 days 00:00:00,,174.58699722290038,174.58699722290038
40,-34,110,110,170.0,170.80125122070314,170.80125122070314,163.8075012207031,-50.41702658691445,23.174485083007816,-0.008722668959673715,2024-05-13 00:00:00-04:00,2024-05-13 00:00:00-04:00,0 days 00:00:00,,165.54950256347655,165.54950256347655
41,40,111,111,174.5,175.8094970703125,169.9302505493164,175.8094970703125,24.355123046874546,28.024759765625,0.0034892726428185994,2024-05-14 00:00:00-04:00,2024-05-14 00:00:00-04:00,0 days 00:00:00,,168.37000274658203,168.37000274658203
42,22,112,112,179.89999389648438,173.99900299072266,173.99900299072266,184.65200317382812,-145.39335578979487,15.57155586303711,-0.03673590396750584,2024-05-15 00:00:00-04:00,2024-05-15 00:00:00-04:00,0 days 00:00:00,,174.5690040588379,174.5690040588379
43,-38,113,114,174.10000610351562,176.05950355529785,176.05950355529785,169.85100936889648,-101.07302590179444,26.612122734069825,-0.015277520837755593,2024-05-16 00:00:00-04:00,2024-05-17 00:00:00-04:00,1 days 00:00:00,,170.20050582885742,172.44199600219727
44,42,115,115,177.55999755859375,176.03899650573732,176.03899650573732,180.30202713012693,-93.58435972137403,29.70231550140381,-0.012548992293434775,2024-05-20 00:00:00-04:00,2024-05-20 00:00:00-04:00,0 days 00:00:00,,173.6760040283203,173.6760040283203
45,21,117,117,182.85000610351562,182.85000610351562,,194.06400634765623,-15.359400512695313,15.359400512695313,-0.004,2024-05-22 00:00:00-04:00,2024-05-22 00:00:00-04:00,0 days 00:00:00,,179.9065071105957,179.9065071105957
46,-22,119,119,174.83999633789062,177.21480560302734,177.21480560302734,166.7904052734375,-67.73621511840821,15.490411285400391,-0.017609922978197298,2024-05-24 00:00:00-04:00,2024-05-24 00:00:00-04:00,0 days 00:00:00,,168.9880058288574,168.9880058288574
47,25,120,120,176.39999389648438,176.1160053253174,176.1160053253174,185.4880058288574,-24.72551424026475,17.625799961090088,-0.00560669276548257,2024-05-28 00:00:00-04:00,2024-05-28 00:00:00-04:00,0 days 00:00:00,,175.74750213623048,175.74750213623048
48,40,123,123,178.5,177.35050277709962,177.35050277709962,181.6689743041992,-74.44792913818314,28.46804022216797,-0.010426880831678262,2024-05-31 00:00:00-04:00,2024-05-31 00:00:00-04:00,0 days 00:00:00,,174.78049697875977,174.78049697875977
49,39,125,125,174.77999877929688,174.33049682922365,174.33049682922365,178.67583516438802,-44.76119471032045,27.230618657464603,-0.006566672098101768,2024-06-04 00:00:00-04:00,2024-06-04 00:00:00-04:00,0 days 00:00:00,,171.8074966430664,171.8074966430664
50,40,128,128,176.1300048828125,176.10549697875976,176.10549697875976,181.60901336669923,-29.15915631103538,28.17884014892578,-0.004138868378848339,2024-06-07 00:00:00-04:00,2024-06-07 00:00:00-04:00,0 days 00:00:00,,174.09000244140626,174.09000244140626
51,-28,130,130,173.9199981689453,168.48349075317384,176.4432445526123,168.48349075317384,133.04761226196257,19.174595379638674,0.02732118495833611,2024-06-11 00:00:00-04:00,2024-06-11 00:00:00-04:00,0 days 00:00:00,,170.81998825073242,170.81998825073242
52,20,132,132,188.38999938964844,188.38999938964844,173.74419342041014,184.38159301757815,-15.071199951171875,15.071199951171875,-0.004,2024-06-13 00:00:00-04:00,2024-06-13 00:00:00-04:00,0 days 00:00:00,,171.37749328613282,171.37749328613282
53,20,135,135,186.55999755859375,183.69120239257813,183.69120239257813,194.93760253906248,-72.1859513183592,14.810047998046876,-0.019346578115088046,2024-06-18 00:00:00-04:00,2024-06-18 00:00:00-04:00,0 days 00:00:00,,180.9445037841797,180.9445037841797
54,-38,137,137,182.3000030517578,183.53175010681153,183.53175010681153,177.6465217590332,-74.6096013320925,27.80321324005127,-0.010770216832159937,2024-06-21 00:00:00-04:00,2024-06-21 00:00:00-04:00,0 days 00:00:00,,178.51750564575195,178.51750564575195
55,-38,138,138,184.97000122070312,184.97000122070312,,181.06125704447427,-28.115440185546877,28.115440185546877,-0.004,2024-06-24 00:00:00-04:00,2024-06-24 00:00:00-04:00,0 days 00:00:00,,181.21699752807618,181.21699752807618
56,24,140,140,186.5399932861328,193.4525146484375,184.2987518310547,193.4525146484375,147.66087231445312,18.239640380859374,0.03298239824099379,2024-06-26 00:00:00-04:00,2024-06-26 00:00:00-04:00,0 days 00:00:00,,184.07200241088867,184.07200241088867
57,19,141,143,195.1699981689453,204.224794921875,192.44259521484375,204.224794921875,156.86413616821292,15.177002137451172,0.042301620352537025,2024-06-27 00:00:00-04:00,2024-07-01 00:00:00-04:00,4 days 00:00:00,,190.0999984741211,193.51300354003905
58,17,144,144,218.88999938964844,218.88999938964844,205.6628005981445,218.25440063476566,-14.884519958496094,14.884519958496094,-0.004,2024-07-02 00:00:00-04:00,2024-07-02 00:00:00-04:00,0 days 00:00:00,,203.05100631713867,203.05100631713867
59,16,145,145,234.55999755859375,240.51039428710936,226.63479461669922,240.51039428710936,80.00409511718732,15.2022525390625,0.02131759889524687,2024-07-03 00:00:00-04:00,2024-07-03 00:00:00-04:00,0 days 00:00:00,,223.9779914855957,223.9779914855957
60,15,146,147,249.80999755859375,256.2455993652344,241.46219940185546,256.2455993652344,81.35235919189488,15.181667907714845,0.021710462614775355,2024-07-05 00:00:00-04:00,2024-07-08 00:00:00-04:00,3 days 00:00:00,,238.63499603271484,246.06951065063475
61,15,149,150,262.79998779296875,257.0833868408203,257.0833868408203,272.82318603515625,-101.34551552124027,15.596501239013673,-0.02570916291951512,2024-07-10 00:00:00-04:00,2024-07-11 00:00:00-04:00,1 days 00:00:00,,253.90949630737305,257.9085037231445
62,-16,151,151,235.8000030517578,245.8505987548828,245.8505987548828,231.388798828125,-176.22235050781245,15.412819257812501,-0.04670863767682293,2024-07-12 00:00:00-04:00,2024-07-12 00:00:00-04:00,0 days 00:00:00,,223.7874954223633,223.7874954223633
63,-19,154,154,252.72999572753906,251.3685817718506,260.52877360153195,251.3685817718506,6.711119213104247,19.155745944976807,0.0013976053759384441,2024-07-17 00:00:00-04:00,2024-07-17 00:00:00-04:00,0 days 00:00:00,,249.5090019226074,249.5090019226074
64,-16,155,155,251.08999633789062,253.03449974060058,253.03449974060058,239.43100051879884,-47.244038317871,16.131983874511718,-0.011759737297114214,2024-07-18 00:00:00-04:00,2024-07-18 00:00:00-04:00,0 days 00:00:00,,241.74049530029296,241.74049530029296
65,-15,157,157,244.2100067138672,244.2100067138672,,229.63199707031248,-14.652600402832032,14.652600402832032,-0.004,2024-07-22 00:00:00-04:00,2024-07-22 00:00:00-04:00,0 days 00:00:00,,232.26449661254884,232.26449661254884
66,14,158,158,253.60000610351562,246.47979461669922,246.47979461669922,261.57039428710937,-113.68519523559564,14.002234420166017,-0.032020389955914365,2024-07-23 00:00:00-04:00,2024-07-23 00:00:00-04:00,0 days 00:00:00,,246.30699081420897,246.30699081420897
67,-17,160,160,216.8000030517578,220.30980560302734,220.30980560302734,207.3504052734375,-74.5283768658447,14.861733494262696,-0.02022150418297043,2024-07-25 00:00:00-04:00,2024-07-25 00:00:00-04:00,0 days 00:00:00,,209.78600616455077,209.78600616455077
68,15,163,163,232.25,227.4580059814453,227.4580059814453,241.38400634765628,-85.67115045776391,13.79124017944336,-0.024591647063584916,2024-07-30 00:00:00-04:00,2024-07-30 00:00:00-04:00,0 days 00:00:00,,226.8365020751953,226.8365020751953
69,-16,164,164,227.89999389648438,227.89999389648438,,213.7151953125,-14.585599609375,14.585599609375,-0.004,2024-07-31 00:00:00-04:00,2024-07-31 00:00:00-04:00,0 days 00:00:00,,215.79449310302735,215.79449310302735
70,16,165,165,227.69000244140625,227.42860717773436,227.42860717773436,241.35280761718752,-18.746119726562682,14.5637955078125,-0.005145735299518355,2024-08-01 00:00:00-04:00,2024-08-01 00:00:00-04:00,0 days 00:00:00,,227.73050765991212,227.73050765991212
71,-16,166,166,214.8800048828125,208.1856005859375,221.1972006225586,208.1856005859375,93.57236937500011,13.538099375,0.02721646013144371,2024-08-02 00:00:00-04:00,2024-08-02 00:00:00-04:00,0 days 00:00:00,,207.2130043029785,207.2130043029785
72,-18,168,168,200.75,202.85760498046875,202.85760498046875,190.9248046875,-52.46676342773438,14.529873779296874,-0.014519652256187683,2024-08-06 00:00:00-04:00,2024-08-06 00:00:00-04:00,0 days 00:00:00,,186.84600219726562,186.84600219726562
73,-18,170,170,195.6999969482422,195.6999969482422,,184.0895947265625,-14.090399780273438,14.090399780273438,-0.004,2024-08-08 00:00:00-04:00,2024-08-08 00:00:00-04:00,0 days 00:00:00,,185.15448913574218,185.15448913574218
74,19,171,172,197.0500030517578,195.0627471923828,195.0627471923828,206.39449462890627,-52.65814583740256,14.900284509277343,-0.014064863318653809,2024-08-09 00:00:00-04:00,2024-08-12 00:00:00-04:00,3 days 00:00:00,,194.07699432373047,196.82649765014648
75,17,174,174,207.38999938964844,203.6734017944336,203.6734017944336,216.14320190429686,-77.15831475891099,13.976155640258789,-0.021884972327212104,2024-08-14 00:00:00-04:00,2024-08-14 00:00:00-04:00,0 days 00:00:00,,201.54349746704102,201.54349746704102
76,16,176,177,211.14999389648438,222.70559936523438,209.85719940185547,222.70559936523438,171.00630851562505,13.883378984375,0.05061754483150156,2024-08-16 00:00:00-04:00,2024-08-19 00:00:00-04:00,3 days 00:00:00,,208.05700073242187,211.1699951171875
77,17,178,180,224.8800048828125,218.5949951171875,218.5949951171875,230.9700134277344,-121.92331601562509,15.07815,-0.03189238531617073,2024-08-20 00:00:00-04:00,2024-08-22 00:00:00-04:00,2 days 00:00:00,,217.83050155639648,220.08000259399415
78,-16,181,181,214.4600067138672,214.87320373535155,214.87320373535155,202.23360351562502,-20.349815078124838,13.738662734375001,-0.005930539040221756,2024-08-23 00:00:00-04:00,2024-08-23 00:00:00-04:00,0 days 00:00:00,,202.69600601196288,202.69600601196288
79,16,182,182,218.75,215.91360717773438,215.91360717773438,229.1328076171875,-59.29152058593746,13.9092354296875,-0.016940434453124993,2024-08-26 00:00:00-04:00,2024-08-26 00:00:00-04:00,0 days 00:00:00,,216.3215133666992,216.3215133666992
80,-16,183,184,213.25,204.68160644531247,217.47420684814455,204.68160644531247,123.72048546875051,13.373811406249999,0.03626040019599957,2024-08-27 00:00:00-04:00,2024-08-28 00:00:00-04:00,1 days 00:00:00,,208.7660057067871,204.41400604248048
81,16,187,187,215.25999450683594,209.82780059814453,209.82780059814453,222.67440063476562,-100.51791198242182,13.602809443359376,-0.02918503047114895,2024-09-03 00:00:00-04:00,2024-09-03 00:00:00-04:00,0 days 00:00:00,,209.96299591064454,209.96299591064454
82,16,189,189,223.49000549316406,228.18640380859375,215.0218035888672,228.18640380859375,60.68872794921879,14.45364509765625,0.016971879742256238,2024-09-05 00:00:00-04:00,2024-09-05 00:00:00-04:00,0 days 00:00:00,,213.00250701904298,213.00250701904298
83,15,190,190,232.60000610351562,225.5665982055664,225.5665982055664,239.37679809570312,-119.24611659851072,13.74499812927246,-0.03417773386914462,2024-09-06 00:00:00-04:00,2024-09-06 00:00:00-04:00,0 days 00:00:00,,223.15749816894532,223.15749816894532
84,-16,191,191,216.1999969482422,216.1999969482422,,202.3007958984375,-13.8367998046875,13.8367998046875,-0.004,2024-09-09 00:00:00-04:00,2024-09-09 00:00:00-04:00,0 days 00:00:00,,198.03048934936524,198.03048934936524
85,15,193,193,224.5500030517578,221.6465982055664,221.6465982055664,235.21679809570315,-56.93697073059104,13.385898037719727,-0.016904021363255847,2024-09-11 00:00:00-04:00,2024-09-11 00:00:00-04:00,0 days 00:00:00,,221.90200119018556,221.90200119018556
86,-28,194,194,224.66000366210938,230.66843314285273,230.66843314285273,225.45866533915202,-193.73441792189195,25.498392461077877,-0.0307980336578274,2024-09-12 00:00:00-04:00,2024-09-12 00:00:00-04:00,0 days 00:00:00,,221.71150588989258,221.71150588989258
87,14,200,200,241.52000427246094,239.0415982055664,239.0415982055664,253.67679809570313,-48.15340980590827,13.455724869384765,-0.014241177587801069,2024-09-20 00:00:00-04:00,2024-09-20 00:00:00-04:00,0 days 00:00:00,,237.25949783325194,237.25949783325194
88,13,202,204,254.0800018310547,260.6000061035156,245.0,260.0,71.37837533569336,13.381680206298828,0.021609903247098834,2024-09-24 00:00:00-04:00,2024-09-26 00:00:00-04:00,2 days 00:00:00,,245.5559989929199,254.39649505615233
89,20,206,206,259.0400085449219,257.0305015563965,257.0305015563965,267.31897125244143,-60.832960174560775,20.642820404052735,-0.011742000881692215,2024-09-30 00:00:00-04:00,2024-09-30 00:00:00-04:00,0 days 00:00:00,,256.8409820556641,256.8409820556641
90,-14,209,209,244.47999572753906,239.51754150390627,253.77123565673827,239.51754150390627,55.92242808837859,13.55193104248047,0.01633859300955453,2024-10-03 00:00:00-04:00,2024-10-03 00:00:00-04:00,0 days 00:00:00,,243.70700225830078,243.70700225830078
91,-13,210,210,246.69000244140625,246.69000244140625,,231.03360351562497,-12.827880126953126,12.827880126953126,-0.004,2024-10-04 00:00:00-04:00,2024-10-04 00:00:00-04:00,0 days 00:00:00,,234.07100601196288,234.07100601196288
92,13,211,211,249.0,245.0784017944336,245.0784017944336,260.08320190429686,-63.826815119018434,12.846038446655275,-0.019717891603033142,2024-10-07 00:00:00-04:00,2024-10-07 00:00:00-04:00,0 days 00:00:00,,246.5709991455078,246.5709991455078
93,-13,212,212,243.55999755859375,245.6466018676758,245.6466018676758,231.19680175781247,-39.84522760314964,12.719371585083008,-0.01258424018171227,2024-10-08 00:00:00-04:00,2024-10-08 00:00:00-04:00,0 days 00:00:00,,235.80849914550782,235.80849914550782
94,-26,214,214,241.80999755859375,237.25751419067382,242.9462474822998,237.25751419067382,93.45305695495635,24.911510610961912,0.014864349616274364,2024-10-10 00:00:00-04:00,2024-10-10 00:00:00-04:00,0 days 00:00:00,,236.6940040588379,236.6940040588379
95,29,215,215,220.1300048828125,220.1300048828125,,241.77600288391113,-25.53508056640625,25.53508056640625,-0.004,2024-10-11 00:00:00-04:00,2024-10-11 00:00:00-04:00,0 days 00:00:00,,233.02250595092772,233.02250595092772
96,-15,216,217,220.1300048828125,222.15600311279297,222.15600311279297,209.0880029296875,-43.658553689575264,13.268580239868164,-0.013222051430567707,2024-10-14 00:00:00-04:00,2024-10-15 00:00:00-04:00,1 days 00:00:00,,212.87200775146485,214.66650466918946
97,-28,219,219,221.58999633789062,218.91550738016764,223.7205039955139,218.91550738016764,50.21738260803233,24.668308208211265,0.00809367742193598,2024-10-17 00:00:00-04:00,2024-10-17 00:00:00-04:00,0 days 00:00:00,,219.19049377441405,219.19049377441405
98,-16,224,224,244.67999267578125,244.67999267578125,,206.63798294067385,-15.65951953125,15.65951953125,-0.004,2024-10-24 00:00:00-04:00,2024-10-24 00:00:00-04:00,0 days 00:00:00,,210.014493560791,210.014493560791
99,13,225,226,256.010009765625,270.89921142578123,255.27041076660157,270.89921142578123,179.85998183105445,13.699639750976562,0.05404235260347666,2024-10-25 00:00:00-04:00,2024-10-28 00:00:00-04:00,3 days 00:00:00,,249.7715103149414,261.3965118408203
100,20,228,228,258.0400085449219,256.0387046951294,256.0387046951294,263.54584477742515,-60.58922552545133,20.563148529602053,-0.011740277383168567,2024-10-30 00:00:00-04:00,2024-10-30 00:00:00-04:00,0 days 00:00:00,,254.31147994995118,254.31147994995118
101,-13,230,231,252.0399932861328,239.856005859375,254.84700622558594,239.856005859375,145.6025405700685,12.789295977783203,0.044438167460794924,2024-11-01 00:00:00-04:00,2024-11-04 00:00:00-05:00,3 days 01:00:00,,244.07500610351562,244.92649841308594
102,-16,232,232,247.33999633789062,247.33999633789062,,234.61349487304688,-15.829759765625,15.829759765625,-0.004,2024-11-05 00:00:00-05:00,2024-11-05 00:00:00-05:00,0 days 00:00:00,,237.3290023803711,237.3290023803711
103,12,233,233,284.6700134277344,284.6700134277344,246.41120239257813,261.4976025390625,-13.66416064453125,13.66416064453125,-0.004,2024-11-06 00:00:00-05:00,2024-11-06 00:00:00-05:00,0 days 00:00:00,,246.4515068054199,246.4515068054199
104,12,234,235,288.8900146484375,300.0711987304687,282.75939880371095,300.0711987304687,120.03913986328092,14.13506912109375,0.03462654002578387,2024-11-07 00:00:00-05:00,2024-11-08 00:00:00-05:00,1 days 00:00:00,,280.8464981079102,289.08349761962893
105,10,236,236,346.29998779296875,346.29998779296875,314.79560119628906,334.06880126953126,-13.85199951171875,13.85199951171875,-0.004,2024-11-11 00:00:00-05:00,2024-11-11 00:00:00-05:00,0 days 00:00:00,,304.1425079345703,304.1425079345703
106,10,237,237,342.739990234375,342.739990234375,,364.0,-13.709599609375001,13.709599609375001,-0.004,2024-11-12 00:00:00-05:00,2024-11-12 00:00:00-05:00,0 days 00:00:00,,337.54799194335936,337.54799194335936
107,-10,238,238,335.8500061035156,335.8500061035156,,315.35039062499993,-13.434000244140625,13.434000244140625,-0.004,2024-11-13 00:00:00-05:00,2024-11-13 00:00:00-05:00,0 days 00:00:00,,316.0984909057617,316.0984909057617
108,-11,240,240,310.57000732421875,317.4035925292969,317.4035925292969,298.73279296875,-88.98485645263669,13.815419196777345,-0.02604737165215098,2024-11-15 00:00:00-05:00,2024-11-15 00:00:00-05:00,0 days 00:00:00,,300.3944839477539,300.3944839477539
109,10,242,245,335.760009765625,352.28958984375004,331.9651904296875,352.28958984375004,151.53480878906285,13.7609919921875,0.045131881219219946,2024-11-19 00:00:00-05:00,2024-11-22 00:00:00-05:00,3 days 00:00:00,,328.5430023193359,332.6495193481445
110,9,246,246,360.1400146484375,345.50879760742185,345.50879760742185,366.66239746093754,-144.38263198974627,12.70167862060547,-0.04454521578555435,2024-11-25 00:00:00-05:00,2024-11-25 00:00:00-05:00,0 days 00:00:00,,339.45350494384763,339.45350494384763
111,-10,247,247,341.0,345.36179626464843,345.36179626464843,325.046396484375,-57.3451985717773,13.72723592529297,-0.016816773774714827,2024-11-26 00:00:00-05:00,2024-11-26 00:00:00-05:00,0 days 00:00:00,,325.53850708007815,325.53850708007815
112,9,250,250,352.3800048828125,358.9664038085938,338.2568035888672,358.9664038085938,46.47335497558622,12.804235356445314,0.014653799979700156,2024-12-02 00:00:00-05:00,2024-12-02 00:00:00-05:00,0 days 00:00:00,,339.2199935913086,339.2199935913086
113,9,251,251,351.79998779296875,349.9481964111328,349.9481964111328,371.37359619140625,-29.297589752197265,12.631467315673827,-0.009253234403634583,2024-12-03 00:00:00-05:00,2024-12-03 00:00:00-05:00,0 days 00:00:00,,352.22249298095704,352.22249298095704
114,-18,252,252,353.0,354.6562446594238,354.6562446594238,344.9475509643555,-55.288028677367755,25.47562480773926,-0.00870129503893103,2024-12-04 00:00:00-05:00,2024-12-04 00:00:00-05:00,0 days 00:00:00,,347.30051879882814,347.30051879882814
115,15,253,253,359.8699951171875,366.8304565429687,353.4797607421875,366.8304565429687,82.60590783691339,21.801013549804686,0.0153029166009453,2024-12-05 00:00:00-05:00,2024-12-05 00:00:00-05:00,0 days 00:00:00,,352.7049926757812,352.7049926757812
116,9,254,254,377.4200134277344,384.26958984375005,362.1001904296875,384.26958984375005,47.935774885254396,13.71041285888672,0.014112121827086137,2024-12-06 00:00:00-05:00,2024-12-06 00:00:00-05:00,0 days 00:00:00,,360.72849426269534,360.72849426269534
117,8,255,255,397.6099853515625,381.43560119628904,381.43560119628904,404.7888012695313,-141.8598026269533,12.464729384765626,-0.04459766097848446,2024-12-09 00:00:00-05:00,2024-12-09 00:00:00-05:00,0 days 00:00:00,,378.9404998779297,378.9404998779297
118,8,258,258,424.8399963378906,416.27458923339844,416.27458923339844,441.76078857421874,-81.98109020507808,13.457833369140626,-0.024121166472010847,2024-12-12 00:00:00-05:00,2024-12-12 00:00:00-05:00,0 days 00:00:00,,412.3949890136719,412.3949890136719
119,7,260,260,441.0899963378906,453.6792114257813,427.5054107666015,453.6792114257813,75.59773670654344,12.526768908691407,0.024484066204236533,2024-12-16 00:00:00-05:00,2024-12-16 00:00:00-05:00,0 days 00:00:00,,424.90551300048827,424.90551300048827
120,7,261,261,475.8999938964844,481.5407885742188,453.7595892333984,481.5407885742188,26.08139178955129,13.404170954589844,0.007829193445216733,2024-12-17 00:00:00-05:00,2024-12-17 00:00:00-05:00,0 days 00:00:00,,448.14798431396486,448.14798431396486
121,7,262,262,466.5,466.5,,498.6679733276367,-13.062,13.062,-0.004,2024-12-18 00:00:00-05:00,2024-12-18 00:00:00-05:00,0 days 00:00:00,,465.29599609375,465.29599609375
122,-7,263,263,451.8800048828125,451.8800048828125,,422.5248046875,-12.65264013671875,12.65264013671875,-0.004,2024-12-19 00:00:00-05:00,2024-12-19 00:00:00-05:00,0 days 00:00:00,,406.2885055541992,406.2885055541992
123,7,267,267,465.1600036621094,453.0343988037109,453.0343988037109,480.77119873046877,-97.73395564331061,12.854721634521484,-0.030015464686151374,2024-12-26 00:00:00-05:00,2024-12-26 00:00:00-05:00,0 days 00:00:00,,447.07800750732423,447.07800750732423
124,-8,269,270,419.3999938964844,414.39360351562493,440.2932037353516,414.39360351562493,26.710425488281796,13.34069755859375,0.007960904231341784,2024-12-30 00:00:00-05:00,2024-12-31 00:00:00-05:00,1 days 00:00:00,,418.73500366210936,411.2225036621094
125,-8,271,271,390.1000061035156,387.686396484375,411.91679626464844,387.686396484375,6.864294511718786,12.44458244140625,0.0021995303782107152,2025-01-02 00:00:00-05:00,2025-01-02 00:00:00-05:00,0 days 00:00:00,,389.875505065918,389.875505065918
126,-8,272,272,381.4800109863281,386.8655987548828,386.8655987548828,364.10879882812503,-55.37823190429675,12.293529755859375,-0.018145849818288873,2025-01-03 00:00:00-05:00,2025-01-03 00:00:00-05:00,0 days 00:00:00,,368.45049743652345,368.45049743652345
127,8,273,273,423.20001220703125,402.2312023925781,402.2312023925781,426.85760253906255,-180.95737794921897,13.20689943359375,-0.053449129468802384,2025-01-06 00:00:00-05:00,2025-01-06 00:00:00-05:00,0 days 00:00:00,,392.60350646972654,392.60350646972654
128,-8,275,275,392.95001220703125,402.24718505859374,402.24718505859374,378.5855859375,-87.10053796874995,12.72315515625,-0.027707257686398687,2025-01-08 00:00:00-05:00,2025-01-08 00:00:00-05:00,0 days 00:00:00,,380.9784927368164,380.9784927368164
129,7,280,280,423.489990234375,419.65560119628907,419.65560119628907,445.34880126953124,-38.64476154663081,11.804038280029298,-0.013036152797594876,2025-01-16 00:00:00-05:00,2025-01-16 00:00:00-05:00,0 days 00:00:00,,414.9430099487305,414.9430099487305
130,-8,281,281,421.5,421.5815055847168,421.5815055847168,398.29701080322263,-14.141348767089934,13.489304089355468,-0.0041937570483658515,2025-01-17 00:00:00-05:00,2025-01-17 00:00:00-05:00,0 days 00:00:00,,405.6415100097656,405.6415100097656
131,7,282,282,432.6400146484375,417.96999999999997,417.96999999999997,443.56000000000006,-114.59864274414083,11.908540205078125,-0.03784031555897031,2025-01-21 00:00:00-05:00,2025-01-21 00:00:00-05:00,0 days 00:00:00,,415.50550537109376,415.50550537109376
132,-10,287,288,396.9100036621094,385.4950119018555,402.9774848937988,385.4950119018555,98.50181729125954,15.648100311279297,0.02481716670842958,2025-01-28 00:00:00-05:00,2025-01-29 00:00:00-05:00,1 days 00:00:00,,387.4204925537109,390.34049835205076
133,-11,289,289,410.7799987792969,410.7799987792969,,378.8695236206055,-18.074319946289062,18.074319946289062,-0.004,2025-01-30 00:00:00-05:00,2025-01-30 00:00:00-05:00,0 days 00:00:00,,381.3395141601562,381.3395141601562
134,8,290,290,401.5299987792969,414.8794921875,392.9802520751953,414.8794921875,93.73339541015606,13.062551855468751,0.029180072377878914,2025-01-31 00:00:00-05:00,2025-01-31 00:00:00-05:00,0 days 00:00:00,,384.830500793457,384.830500793457
135,-8,292,292,382.6300048828125,391.35359252929686,391.35359252929686,368.33279296875,-82.17243873046864,12.38373755859375,-0.026844614144817126,2025-02-04 00:00:00-05:00,2025-02-04 00:00:00-05:00,0 days 00:00:00,,375.5344772338867,375.5344772338867
136,-8,294,295,373.0299987792969,363.043212890625,385.73341369628906,363.043212890625,68.11711572265625,11.77717138671875,0.022825615883964652,2025-02-06 00:00:00-05:00,2025-02-07 00:00:00-05:00,1 days 00:00:00,,371.09700469970704,367.59900665283203
137,-9,296,297,356.2099914550781,345.79998779296875,368.85239501953123,347.15519531250004,81.05385333251954,12.636179626464845,0.025282793631994566,2025-02-10 00:00:00-05:00,2025-02-11 00:00:00-05:00,1 days 00:00:00,,350.5044998168945,344.0255096435547
138,-10,298,298,329.94000244140625,335.07,335.07,315.36,-64.60017563476555,13.300200048828124,-0.019579370539114162,2025-02-12 00:00:00-05:00,2025-02-12 00:00:00-05:00,0 days 00:00:00,,315.1515060424805,315.1515060424805
139,9,300,300,360.6199951171875,348.82120239257813,348.82120239257813,370.1776025390625,-118.95907607666011,12.76994155517578,-0.036652640725963276,2025-02-14 00:00:00-05:00,2025-02-14 00:00:00-05:00,0 days 00:00:00,,347.2280044555664,347.2280044555664
140,16,303,303,361.510009765625,356.6069900512695,356.6069900512695,368.4660125732422,-101.4280594238283,22.979743994140627,-0.01753548599691372,2025-02-20 00:00:00-05:00,2025-02-20 00:00:00-05:00,0 days 00:00:00,,353.0415069580078,353.0415069580078
141,-9,305,306,338.1400146484375,324.28798828125,344.5559875488281,324.28798828125,112.74453325195292,11.923704052734376,0.03704728756918203,2025-02-24 00:00:00-05:00,2025-02-25 00:00:00-05:00,1 days 00:00:00,,326.4919891357422,320.79500885009764
142,-10,307,307,303.7099914550781,308.8559875488281,308.8559875488281,290.68798828125,-63.711280517578125,12.251319580078125,-0.020977670247968087,2025-02-26 00:00:00-05:00,2025-02-26 00:00:00-05:00,0 days 00:00:00,,285.3979797363281,285.3979797363281
143,10,310,310,300.3399963378906,287.12041076660154,287.12041076660154,304.6992114257813,-143.94506385498073,11.749208142089843,-0.04792737084974807,2025-03-03 00:00:00-05:00,2025-03-03 00:00:00-05:00,0 days 00:00:00,,281.82601165771484,281.82601165771484
144,-12,314,314,259.32000732421875,252.91201171875002,268.71901245117186,252.91201171875002,64.60237880859347,12.29356845703125,0.020760185929857462,2025-03-07 00:00:00-05:00,2025-03-07 00:00:00-05:00,0 days 00:00:00,,256.5035095214844,256.5035095214844
145,-13,316,316,225.30999755859375,226.59299377441405,226.59299377441405,213.26399414062502,-28.428428580322162,11.749477774658203,-0.009705748622706482,2025-03-11 00:00:00-04:00,2025-03-11 00:00:00-04:00,0 days 00:00:00,,203.79649658203124,203.79649658203124
146,12,318,318,248.1300048828125,243.12819641113282,243.12819641113282,258.01359619140624,-71.81189849121085,11.790196831054688,-0.024117699417665645,2025-03-13 00:00:00-04:00,2025-03-13 00:00:00-04:00,0 days 00:00:00,,242.18300170898436,242.18300170898436
147,-13,319,319,247.30999755859375,247.30999755859375,,231.76697998046876,-12.860119873046875,12.860119873046875,-0.004,2025-03-14 00:00:00-04:00,2025-03-14 00:00:00-04:00,0 days 00:00:00,,232.0504997253418,232.0504997253418
148,12,320,320,245.05999755859375,244.99473915100097,244.99473915100097,259.95050888061525,-12.544414572143623,11.761313681030273,-0.004265763043444159,2025-03-17 00:00:00-04:00,2025-03-17 00:00:00-04:00,0 days 00:00:00,,244.01249237060546,244.01249237060546
149,-13,321,321,228.16000366210938,228.16000366210938,242.77019439697267,228.48959472656247,-11.864320190429687,11.864320190429687,-0.004,2025-03-18 00:00:00-04:00,2025-03-18 00:00:00-04:00,0 days 00:00:00,,231.07999954223632,231.07999954223632
150,-13,322,322,231.61000061035156,231.61000061035156,,216.29759765625,-12.043720031738282,12.043720031738282,-0.004,2025-03-19 00:00:00-04:00,2025-03-19 00:00:00-04:00,0 days 00:00:00,,221.00899353027344,221.00899353027344
151,13,323,323,233.35000610351562,231.14280059814453,231.14280059814453,245.29440063476562,-40.77048454406737,12.076812974243165,-0.013439858738993057,2025-03-20 00:00:00-04:00,2025-03-20 00:00:00-04:00,0 days 00:00:00,,229.1444969177246,229.1444969177246
152,11,325,325,258.0799865722656,258.65840698242187,243.73580657958985,258.65840698242187,-5.005620146484475,11.368244658203125,-0.0017632377581736289,2025-03-24 00:00:00-04:00,2025-03-24 00:00:00-04:00,0 days 00:00:00,,240.47650604248048,240.47650604248048
153,10,326,326,283.6000061035156,272.82221435546876,272.82221435546876,289.525615234375,-118.90636188964835,11.12844440917969,-0.04192748918568314,2025-03-25 00:00:00-04:00,2025-03-25 00:00:00-04:00,0 days 00:00:00,,266.11949920654297,266.11949920654297
154,-10,328,328,272.4800109863281,277.50119750976563,277.50119750976563,261.17759765625,-61.21148940429694,10.999624169921876,-0.022464579762281445,2025-03-27 00:00:00-04:00,2025-03-27 00:00:00-04:00,0 days 00:00:00,,261.9455062866211,261.9455062866211
155,13,331,331,263.79998779296875,264.9735710144043,254.7534799758911,264.9735710144043,1.5084693496702624,13.7481125289917,0.0004398639468924208,2025-04-01 00:00:00-04:00,2025-04-01 00:00:00-04:00,0 days 00:00:00,,249.70000534057618,249.70000534057618
156,11,333,333,265.2900085449219,265.2900085449219,,294.07041015625,-11.672760375976562,11.672760375976562,-0.004,2025-04-03 00:00:00-04:00,2025-04-03 00:00:00-04:00,0 days 00:00:00,,264.2140174865723,264.2140174865723
157,-13,335,335,223.77999877929688,244.21859252929687,244.21859252929687,229.85279296875,-277.86968212402337,12.167963374023438,-0.09551609191712392,2025-04-07 00:00:00-04:00,2025-04-07 00:00:00-04:00,0 days 00:00:00,,225.67999267578125,225.67999267578125
158,10,338,338,260.0,260.0,,283.0880126953125,-10.4,10.4,-0.004,2025-04-10 00:00:00-04:00,2025-04-10 00:00:00-04:00,0 days 00:00:00,,244.2545135498047,244.2545135498047
159,-11,343,344,243.47000122070312,230.25999450683594,246.38100311279297,231.8880029296875,134.8880139465332,10.42205990600586,0.05036573976642094,2025-04-17 00:00:00-04:00,2025-04-21 00:00:00-04:00,4 days 00:00:00,,231.60600204467772,237.70699310302734
160,-12,345,345,230.9600067138672,232.05,232.05,218.39999999999998,-24.1921595947267,11.112240161132814,-0.008728841535141552,2025-04-22 00:00:00-04:00,2025-04-22 00:00:00-04:00,0 days 00:00:00,,222.3189926147461,222.3189926147461
161,11,346,346,254.86000061035156,254.86000061035156,233.21060119628905,247.48880126953128,-11.213840026855468,11.213840026855468,-0.004,2025-04-23 00:00:00-04:00,2025-04-23 00:00:00-04:00,0 days 00:00:00,,230.85300827026367,230.85300827026367
162,11,347,348,250.5,261.69000244140625,245.7252053833008,260.7696057128906,111.82184680175781,11.268180053710939,0.0405813270919099,2025-04-24 00:00:00-04:00,2025-04-25 00:00:00-04:00,1 days 00:00:00,,242.47899475097657,253.82300338745117
163,10,349,349,288.9800109863281,279.25101196289063,279.25101196289063,296.3480126953125,-108.65461069335933,11.364620458984374,-0.0375993517068902,2025-04-28 00:00:00-04:00,2025-04-28 00:00:00-04:00,0 days 00:00:00,,269.97901153564453,269.97901153564453
164,-9,351,351,279.8999938964844,279.8999938964844,298.52021143035887,283.8230074564616,-10.076399780273437,10.076399780273437,-0.004,2025-04-30 00:00:00-04:00,2025-04-30 00:00:00-04:00,0 days 00:00:00,,284.4124954223633,284.4124954223633
165,-10,352,352,280.010009765625,287.8032037353516,287.8032037353516,270.87360351562495,-89.28820396728541,11.356264270019533,-0.0318875043224425,2025-05-01 00:00:00-04:00,2025-05-01 00:00:00-04:00,0 days 00:00:00,,274.6414962768555,274.6414962768555
166,15,354,354,284.57000732421875,283.56148834228514,283.56148834228514,294.5069976806641,-32.17172959899919,17.043944869995116,-0.007536922086181037,2025-05-05 00:00:00-04:00,2025-05-05 00:00:00-04:00,0 days 00:00:00,,278.9764907836914,278.9764907836914
167,9,358,358,290.2099914550781,296.21280761718754,279.12360717773436,296.21280761718754,43.46973507568392,10.555610383300781,0.016643019558864804,2025-05-09 00:00:00-04:00,2025-05-09 00:00:00-04:00,0 days 00:00:00,,279.1055160522461,279.1055160522461
168,8,359,359,321.989990234375,321.989990234375,292.2948095703125,310.19041015625,-10.3036796875,10.3036796875,-0.004,2025-05-12 00:00:00-04:00,2025-05-12 00:00:00-04:00,0 days 00:00:00,,288.888005065918,288.888005065918
169,8,360,360,320.0,331.115205078125,312.01240478515626,331.115205078125,78.50379734374978,10.41784328125,0.030665545837402348,2025-05-13 00:00:00-04:00,2025-05-13 00:00:00-04:00,0 days 00:00:00,,312.48950958251953,312.48950958251953
170,8,361,361,342.5,347.43280761718756,327.38860717773434,347.43280761718756,28.42353601562551,11.038924921875001,0.010373553290374232,2025-05-14 00:00:00-04:00,2025-05-14 00:00:00-04:00,0 days 00:00:00,,322.63550262451173,322.63550262451173
171,8,362,362,340.3399963378906,340.3399963378906,,361.58719238281253,-10.8908798828125,10.8908798828125,-0.004,2025-05-15 00:00:00-04:00,2025-05-15 00:00:00-04:00,0 days 00:00:00,,340.5299926757813,340.5299926757813
172,14,364,364,336.29998779296875,336.29998779296875,,358.01901092529295,-18.832799316406252,18.832799316406252,-0.004,2025-05-19 00:00:00-04:00,2025-05-19 00:00:00-04:00,0 days 00:00:00,,344.8705062866211,344.8705062866211
173,-10,365,365,347.8699951171875,347.8699951171875,,331.41947174072266,-13.914799804687501,13.914799804687501,-0.004,2025-05-20 00:00:00-04:00,2025-05-20 00:00:00-04:00,0 days 00:00:00,,336.7934936523437,336.7934936523437
174,-10,367,367,331.8999938964844,340.14601135253906,340.14601135253906,323.5679626464844,-95.90109466552734,13.440920104980469,-0.028894575603830262,2025-05-22 00:00:00-04:00,2025-05-22 00:00:00-04:00,0 days 00:00:00,,326.2874984741211,326.2874984741211
175,7,370,372,364.8399963378906,355.5199890136719,,377.405615234375,-75.32509106445312,10.085039794921876,-0.029494373980192723,2025-05-28 00:00:00-04:00,2025-05-30 00:00:00-04:00,2 days 00:00:00,,353.8315139770508,351.98949737548827
176,-8,373,374,343.5,353.3891912841797,353.3891912841797,332.601591796875,-90.26375733398427,11.150227060546875,-0.032847073265642054,2025-06-02 00:00:00-04:00,2025-06-03 00:00:00-04:00,1 days 00:00:00,,336.34550018310546,334.6105010986328
177,-8,376,376,322.489990234375,318.76798828125004,338.6909875488281,318.76798828125004,19.515887968749674,10.26012765625,0.007564532450513498,2025-06-05 00:00:00-04:00,2025-06-05 00:00:00-04:00,0 days 00:00:00,,322.00147705078126,322.00147705078126
178,-9,377,377,298.8299865722656,298.8299865722656,,273.31201171875,-10.757879516601562,10.757879516601562,-0.004,2025-06-06 00:00:00-04:00,2025-06-06 00:00:00-04:00,0 days 00:00:00,,256.46301422119143,256.46301422119143
179,8,379,379,314.94000244140625,320.9231860351563,302.4083868408203,320.9231860351563,37.69165773437522,10.173811015625,0.01495985641796475,2025-06-10 00:00:00-04:00,2025-06-10 00:00:00-04:00,0 days 00:00:00,,293.1909973144531,293.1909973144531
180,8,380,381,334.3999938964844,319.5681964111328,319.5681964111328,339.13359619140624,-129.11787092773434,10.463491044921875,-0.048264755264807085,2025-06-11 00:00:00-04:00,2025-06-12 00:00:00-04:00,1 days 00:00:00,,316.6520111083984,319.2799926757813
181,-8,385,385,317.30999755859375,322.67700622558596,322.67700622558596,303.69600585937496,-53.17586139648452,10.239792060546876,-0.020947914423443702,2025-06-18 00:00:00-04:00,2025-06-18 00:00:00-04:00,0 days 00:00:00,,309.4639953613281,309.4639953613281
182,7,388,388,356.1700134277344,341.7063928222656,341.7063928222656,362.6271923828125,-111.01561392578124,9.7702696875,-0.04452753690671536,2025-06-24 00:00:00-04:00,2025-06-24 00:00:00-04:00,0 days 00:00:00,,332.14699401855466,332.14699401855466
183,5,389,389,342.70001220703125,331.8148470245361,331.8148470245361,351.4354924519857,-61.17097450479139,6.745148592315673,-0.035699429428579586,2025-06-25 00:00:00-04:00,2025-06-25 00:00:00-04:00,0 days 00:00:00,,331.7689971923828,331.7689971923828
184,-7,390,393,324.6099853515625,298.4599914550781,334.10098754882813,314.44798828125,174.32697760009765,8.722979675292969,0.07671930953047994,2025-06-26 00:00:00-04:00,2025-07-01 00:00:00-04:00,5 days 00:00:00,,315.11998443603517,312.72101440429685
185,-8,394,394,312.6300048828125,312.6300048828125,,288.68159179687495,-10.00416015625,10.00416015625,-0.004,2025-07-02 00:00:00-04:00,2025-07-02 00:00:00-04:00,0 days 00:00:00,,293.7359786987305,293.7359786987305
186,8,395,396,317.989990234375,291.3699951171875,,328.2759936523438,-222.70972070312502,9.749759765625,-0.08754588491094349,2025-07-03 00:00:00-04:00,2025-07-07 00:00:00-04:00,4 days 00:00:00,,308.49450531005857,312.2205047607422
187,-8,397,397,297.0,299.81880249023436,299.81880249023436,282.18240234375,-32.09952076171864,9.54910083984375,-0.013509899310487726,2025-07-08 00:00:00-04:00,2025-07-08 00:00:00-04:00,0 days 00:00:00,,289.88099975585936,289.88099975585936
188,8,400,401,307.8900146484375,322.264794921875,303.67259521484374,322.264794921875,104.91576523437519,10.082476953125001,0.04259466052925288,2025-07-11 00:00:00-04:00,2025-07-14 00:00:00-04:00,3 days 00:00:00,,304.10598907470705,308.8680084228516
189,-15,403,403,312.79998779296875,314.1692459106445,314.1692459106445,304.0015045166016,-39.34794877624495,18.8090770111084,-0.008386178668329108,2025-07-16 00:00:00-04:00,2025-07-16 00:00:00-04:00,0 days 00:00:00,,304.8949920654297,304.8949920654297
190,7,404,406,323.1499938964844,334.53681396484376,315.2366131591797,334.53681396484376,70.50012516845709,9.207615310058594,0.031166475763149532,2025-07-17 00:00:00-04:00,2025-07-21 00:00:00-04:00,4 days 00:00:00,,315.6860107421875,324.4360046386719
191,-8,410,410,308.739990234375,311.40598754882814,311.40598754882814,293.08798828125,-31.250314160156343,9.92233564453125,-0.012652359245895303,2025-07-25 00:00:00-04:00,2025-07-25 00:00:00-04:00,0 days 00:00:00,,299.9429931640625,299.9429931640625
192,8,411,411,318.45001220703125,328.7023974609375,309.7387976074219,328.7023974609375,71.66464347656253,10.3544385546875,0.028130256213482266,2025-07-28 00:00:00-04:00,2025-07-28 00:00:00-04:00,0 days 00:00:00,,307.4690002441406,307.4690002441406
193,9,412,412,325.54998779296875,320.3554962158203,320.3554962158203,336.0589965820312,-58.37672290649404,11.626298712158203,-0.019924136963233235,2025-07-29 00:00:00-04:00,2025-07-29 00:00:00-04:00,0 days 00:00:00,,317.4500030517578,317.4500030517578
194,12,413,413,322.17999267578125,317.13255304870603,317.13255304870603,326.94666188557943,-75.91277662229035,15.343501097387694,-0.019635187976710607,2025-07-30 00:00:00-04:00,2025-07-30 00:00:00-04:00,0 days 00:00:00,,316.8000122070313,316.8000122070313
195,15,414,414,319.6099853515625,316.48321219482426,316.48321219482426,321.9333455403646,-65.98439327746519,19.082795926391604,-0.01376352352381063,2025-07-31 00:00:00-04:00,2025-07-31 00:00:00-04:00,0 days 00:00:00,,311.98349914550784,311.98349914550784
196,-8,415,418,306.2099914550781,314.4353887939453,314.4353887939453,295.939189453125,-75.73350479492194,9.930326083984376,-0.030915673438285034,2025-08-01 00:00:00-04:00,2025-08-06 00:00:00-04:00,5 days 00:00:00,,299.87149505615236,304.8974945068359
197,7,419,420,319.7900085449219,332.7064038085938,313.51180358886717,332.7064038085938,81.27981707275418,9.13494977294922,0.036309459735149305,2025-08-07 00:00:00-04:00,2025-08-08 00:00:00-04:00,1 days 00:00:00,,312.46299896240237,318.83799438476564
198,8,421,421,335.0,340.9780090332031,323.985986328125,340.9780090332031,37.008424121093384,10.815648144531249,0.013809113478019856,2025-08-11 00:00:00-04:00,2025-08-11 00:00:00-04:00,0 days 00:00:00,,321.85650329589845,321.85650329589845
199,9,422,422,345.0,333.54673919677737,333.54673919677737,349.9965179443359,-115.29318853454569,12.213841305541992,-0.037131461685844004,2025-08-12 00:00:00-04:00,2025-08-12 00:00:00-04:00,0 days 00:00:00,,332.16048736572264,332.16048736572264
200,-12,428,428,329.2200012207031,321.2839813232422,333.32300567626953,321.2839813232422,79.62014318847656,15.612095581054689,0.020153732785891915,2025-08-20 00:00:00-04:00,2025-08-20 00:00:00-04:00,0 days 00:00:00,,322.3250076293945,322.3250076293945
201,7,431,433,338.8999938964844,353.61041015625005,333.2098095703125,353.61041015625005,93.27776816162148,9.695145656738283,0.03931955058025291,2025-08-25 00:00:00-04:00,2025-08-27 00:00:00-04:00,2 days 00:00:00,,328.70201110839844,347.1710174560547
202,13,434,434,350.9100036621094,346.82384643859865,346.82384643859865,352.419846089681,-71.26112400825784,18.14108010261841,-0.015621170290119113,2025-08-28 00:00:00-04:00,2025-08-28 00:00:00-04:00,0 days 00:00:00,,346.17350006103516,346.17350006103516
203,-7,436,437,328.2300109863281,340.5473950195313,340.5473950195313,320.51519531249994,-95.58457191650412,9.362883684082032,-0.041601737769748424,2025-09-02 00:00:00-04:00,2025-09-03 00:00:00-04:00,1 days 00:00:00,,324.4925018310547,325.10849609375
204,13,438,438,336.1499938964844,331.48572998046876,331.48572998046876,339.29852905273435,-77.99395972900376,17.35852882080078,-0.017847792570887352,2025-09-04 00:00:00-04:00,2025-09-04 00:00:00-04:00,0 days 00:00:00,,325.93900909423826,325.93900909423826
205,6,440,441,354.6400146484375,343.8231964111328,343.8231964111328,364.87359619140625,-73.28246795654297,8.381558532714845,-0.03443983801864998,2025-09-08 00:00:00-04:00,2025-09-09 00:00:00-04:00,1 days 00:00:00,,344.6854949951172,338.9199905395508
206,6,444,444,370.94000244140625,383.5623974609375,361.43379760742187,383.5623974609375,66.68034131835948,9.054028798828124,0.029960074800727477,2025-09-12 00:00:00-04:00,2025-09-12 00:00:00-04:00,0 days 00:00:00,,357.0455062866211,357.0455062866211
207,5,445,445,423.1300048828125,423.1300048828125,388.0212023925781,411.7776025390625,-8.46260009765625,8.46260009765625,-0.004,2025-09-15 00:00:00-04:00,2025-09-15 00:00:00-04:00,0 days 00:00:00,,381.3924957275391,381.3924957275391
208,9,450,450,431.1099853515625,435.8970077514648,421.1565071105957,435.8970077514648,27.477075723266193,15.606125875854492,0.007081739039763886,2025-09-22 00:00:00-04:00,2025-09-22 00:00:00-04:00,0 days 00:00:00,,421.80750732421876,421.80750732421876
209,8,451,451,439.8800048828125,428.2012573242188,428.2012573242188,446.22745971679683,-107.31928066406232,13.8893001953125,-0.03049674896357614,2025-09-23 00:00:00-04:00,2025-09-23 00:00:00-04:00,0 days 00:00:00,,425.4924880981445,425.4924880981445
210,5,453,453,435.239990234375,433.93420837402346,433.93420837402346,460.5016088867187,-15.220651287841706,8.691741986083985,-0.006994141912210509,2025-09-25 00:00:00-04:00,2025-09-25 00:00:00-04:00,0 days 00:00:00,,434.4410125732422,434.4410125732422
211,-5,454,454,428.29998779296875,431.8578149414063,431.8578149414063,406.45441406249995,-26.390713769531374,8.60157802734375,-0.012323471642164987,2025-09-26 00:00:00-04:00,2025-09-26 00:00:00-04:00,0 days 00:00:00,,414.44150390625,414.44150390625
212,5,455,457,444.3500061035156,458.0159936523438,431.59199401855466,458.0159936523438,59.306277746582325,9.023659997558594,0.02669349698749248,2025-09-29 00:00:00-04:00,2025-10-01 00:00:00-04:00,2 days 00:00:00,,429.7024871826172,438.1859985351563
213,5,458,458,470.5400085449219,450.2707916259765,450.2707916259765,477.8383911132813,-110.55419259643571,9.208108001708986,-0.046990347510856185,2025-10-02 00:00:00-04:00,2025-10-02 00:00:00-04:00,0 days 00:00:00,,447.6129867553711,447.6129867553711
214,-5,459,459,443.2900085449219,444.72,444.72,418.55999999999995,-16.03005736083998,8.880100085449218,-0.007232311602717,2025-10-03 00:00:00-04:00,2025-10-03 00:00:00-04:00,0 days 00:00:00,,416.6510040283203,416.6510040283203
215,5,461,461,447.82000732421875,444.185,444.185,471.38,-27.095086694335926,8.920050073242187,-0.012100882609614696,2025-10-07 00:00:00-04:00,2025-10-07 00:00:00-04:00,0 days 00:00:00,,443.9770080566406,443.9770080566406
216,-5,462,464,437.57000732421875,441.7517962646484,441.7517962646484,415.76639648437504,-29.702162738037018,8.793218035888671,-0.013575959156647211,2025-10-08 00:00:00-04:00,2025-10-10 00:00:00-04:00,2 days 00:00:00,,421.9635070800781,429.94650115966795
217,-5,465,465,423.5299987792969,423.5299987792969,,396.95039062499995,-8.470599975585937,8.470599975585937,-0.004,2025-10-13 00:00:00-04:00,2025-10-13 00:00:00-04:00,0 days 00:00:00,,396.0659942626953,396.0659942626953
218,5,466,466,426.7900085449219,426.7900085449219,,453.33599365234375,-8.535800170898439,8.535800170898439,-0.004,2025-10-14 00:00:00-04:00,2025-10-14 00:00:00-04:00,0 days 00:00:00,,426.44549255371095,426.44549255371095
219,8,470,472,443.8699951171875,433.7110023498535,433.7110023498535,450.5079879760742,-95.31323809814452,14.041295959472656,-0.026841541201996662,2025-10-20 00:00:00-04:00,2025-10-22 00:00:00-04:00,2 days 00:00:00,,429.48700561523435,438.6125061035156
220,8,474,474,446.8299865722656,443.5185035705566,443.5185035705566,459.90302581787114,-40.73743985595721,14.245575842285156,-0.011396236007027924,2025-10-24 00:00:00-04:00,2025-10-24 00:00:00-04:00,0 days 00:00:00,,429.45501098632815,429.45501098632815
221,4,476,478,454.7799987792969,443.3716131591797,443.3716131591797,470.5168139648438,-52.818755375976615,7.185212895507812,-0.02903533330277864,2025-10-28 00:00:00-04:00,2025-10-30 00:00:00-04:00,2 days 00:00:00,,440.6115127563477,454.3324996948242
222,-4,479,479,446.75,448.9020062255859,448.9020062255859,422.49600585937503,-15.773240952148374,7.1652160498046875,-0.008826659738191491,2025-10-31 00:00:00-04:00,2025-10-31 00:00:00-04:00,0 days 00:00:00,,431.6024993896484,431.6024993896484
223,4,480,481,455.989990234375,447.42879760742187,447.42879760742187,474.8223974609375,-41.4721208105469,7.227350302734376,-0.02273740745341286,2025-11-03 00:00:00-05:00,2025-11-04 00:00:00-05:00,1 days 00:00:00,,448.6894989013672,457.221484375
224,-4,482,482,452.04998779296875,453.1452099609375,453.1452099609375,426.489609375,-11.622450253906276,7.24156158203125,-0.006427635531332608,2025-11-05 00:00:00-05:00,2025-11-05 00:00:00-05:00,0 days 00:00:00,,435.1190124511719,435.1190124511719
225,4,483,483,461.9599914550781,452.82860717773434,452.82860717773434,480.55280761718757,-43.843845898437635,7.318308789062501,-0.023727079568264465,2025-11-06 00:00:00-05:00,2025-11-06 00:00:00-05:00,0 days 00:00:00,,447.9790100097656,447.9790100097656
226,-4,484,484,437.9200134277344,428.073603515625,454.82820373535156,428.073603515625,32.457690712890646,6.927948935546875,0.018529462982768478,2025-11-07 00:00:00-05:00,2025-11-07 00:00:00-05:00,0 days 00:00:00,,428.111994934082,428.111994934082
227,4,486,486,439.3999938964844,436.3254107666016,436.3254107666016,463.0392114257812,-19.304135756835876,7.005803237304688,-0.01098323624543773,2025-11-11 00:00:00-05:00,2025-11-11 00:00:00-05:00,0 days 00:00:00,,436.2594955444336,436.2594955444336
228,-7,488,488,423.1300048828125,418.13153076171875,436.83424377441406,418.13153076171875,23.211657348632812,11.777661499023438,0.00783671923886153,2025-11-13 00:00:00-05:00,2025-11-13 00:00:00-05:00,0 days 00:00:00,,421.92651214599607,421.92651214599607
229,-5,489,489,386.29998779296875,410.0297900390625,410.0297900390625,385.910390625,-126.61230900878908,7.963297778320312,-0.06555128812307641,2025-11-14 00:00:00-05:00,2025-11-14 00:00:00-05:00,0 days 00:00:00,,386.50198822021486,386.50198822021486
230,-8,494,494,402.32000732421875,402.32000732421875,,385.01405181884763,-12.874240234375,12.874240234375,-0.004,2025-11-21 00:00:00-05:00,2025-11-21 00:00:00-05:00,0 days 00:00:00,,376.4200042724609,376.4200042724609
231,5,496,496,414.4200134277344,409.4243988037109,409.4243988037109,434.4911987304688,-33.216517242431756,8.238444122314453,-0.01603036347964599,2025-11-25 00:00:00-05:00,2025-11-25 00:00:00-05:00,0 days 00:00:00,,406.43349609375,406.43349609375
