Date,Open,High,Low,Close,Volume
2023-12-04 00:00:00-05:00,8.334066202352336,8.306282907901108,8.374775912132307,8.364203395726113,24564400.0
2023-12-05 00:00:00-05:00,8.417863432301154,8.394996064708382,8.487471370220094,8.460668480832226,17116400.0
2023-12-06 00:00:00-05:00,8.494362051247197,8.489189199870713,8.573387874024991,8.56543519032956,9576550.0
2023-12-07 00:00:00-05:00,8.6089539608374,8.607485059392452,8.669444037023402,8.634694171233857,11280250.0
2023-12-08 00:00:00-05:00,8.70866460673018,8.663265464099249,8.79638391388294,8.798104077414127,18314850.0
2023-12-11 00:00:00-05:00,8.798283549895178,8.787142799014138,8.801057116614896,8.780009453735712,15701600.0
2023-12-12 00:00:00-05:00,8.7668098406095,8.769304086835458,8.819056229608787,8.804702694322124,8587800.0
2023-12-13 00:00:00-05:00,8.85879553369729,8.616161512665784,8.89762248676054,8.61874143029241,22851750.0
2023-12-14 00:00:00-05:00,8.588449412282475,8.558160717424498,8.552978798939344,8.520541714576423,15245650.0
2023-12-15 00:00:00-05:00,8.576888453077748,8.577394499511474,8.589425624102011,8.566193341894122,10701400.0
2023-12-18 00:00:00-05:00,8.569470164158389,8.614717217683843,8.644506316353233,8.616973058612126,9142700.0
2023-12-19 00:00:00-05:00,8.591054177929252,8.572978238383769,8.594335775622602,8.585111166041058,9389150.0
2023-12-20 00:00:00-05:00,8.47663973500707,8.469745012873107,8.534028517457086,8.53448268103282,9263000.0
2023-12-21 00:00:00-05:00,8.492369878034989,8.457626872075013,8.502251960058402,8.490811170343507,10841800.0
2023-12-22 00:00:00-05:00,8.549754904422342,8.516644431198262,8.61995527894434,8.601717769150637,12206050.0
2023-12-26 00:00:00-05:00,8.59837951790881,8.629163430168333,8.638837839718336,8.636035794231113,8182200.0
2023-12-27 00:00:00-05:00,8.677375609154065,8.624106962750758,8.67089144242009,8.66351778244419,9855850.0
2023-12-28 00:00:00-05:00,8.675687671447369,8.669213455714537,8.71766896278099,8.707139755052717,8714650.0
2023-12-29 00:00:00-05:00,8.833949957419899,8.730751377157802,8.8469392494406,8.777318280167087,8886750.0
2024-01-02 00:00:00-05:00,8.745546266754868,8.726239262706962,8.803142577311082,8.809238086889643,9651700.0
2024-01-03 00:00:00-05:00,8.954933821426383,8.947219922427895,8.998565520573004,8.980532273453663,17517700.0
2024-01-04 00:00:00-05:00,9.038240972346635,8.992890832676986,9.084737519631364,8.981025047885037,8194350.0
2024-01-05 00:00:00-05:00,8.96832132845978,8.883417947379327,8.990965081191103,8.927393412389835,14441850.0
2024-01-08 00:00:00-05:00,8.885145202914016,8.881882611443014,8.91000002906436,8.89115014571404,7871450.0
2024-01-09 00:00:00-05:00,8.89161162964969,8.8837646484375,8.956584156848129,8.949047270275297,7604800.0
2024-01-10 00:00:00-05:00,8.989010828782611,8.964795353836756,8.978897040224929,8.954154499425291,8299200.0
2024-01-11 00:00:00-05:00,8.966142605103599,8.94874256206442,9.069518732444882,9.023534960180204,14323600.0
2024-01-12 00:00:00-05:00,8.913978663375696,8.87093749811833,8.960682055563385,8.952808019469177,12874100.0
2024-01-16 00:00:00-05:00,8.947492874058687,8.940009155633792,8.964626797427632,8.965172322040543,11750550.0
2024-01-17 00:00:00-05:00,9.013955311318664,9.010577165551448,8.998058780022463,8.999515727405978,13446150.0
2024-01-18 00:00:00-05:00,9.064202599764494,8.992322098098125,9.070106852377165,9.00384430205474,7635550.0
2024-01-19 00:00:00-05:00,9.064034201138679,9.06596046710113,9.11673187306743,9.091920270059157,9147100.0
2024-01-22 00:00:00-05:00,9.305665403474844,9.199411852550455,9.309915742136345,9.25914973187224,11344850.0
2024-01-23 00:00:00-05:00,9.17074325100474,9.151264532285355,9.180392268693069,9.15489482036409,9068750.0
2024-01-24 00:00:00-05:00,8.976644706398309,8.969999767485119,9.000966205653455,9.000482961693512,15162100.0
2024-01-25 00:00:00-05:00,8.94224293630075,8.905553018861298,8.968734896716938,8.936962493638756,10203200.0
2024-01-26 00:00:00-05:00,8.999039359849421,8.95697916823371,8.991814655306204,8.965004268218197,6522700.0
2024-01-29 00:00:00-05:00,8.954350518788834,8.872470272288602,8.982245732765083,8.879302685539797,9969550.0
2024-01-30 00:00:00-05:00,8.910285992984111,8.89967194139924,8.955693081340378,8.899952410797699,7855450.0
2024-01-31 00:00:00-05:00,8.932546618028079,8.92084324640916,9.027351415803647,9.012434161809207,13878250.0
2024-02-01 00:00:00-05:00,9.059694454415872,8.992480941527488,9.051245837608805,8.97736972565473,19496250.0
2024-02-02 00:00:00-05:00,9.1251820356453,9.08465544973242,9.163414931878812,9.0896385836314,15831000.0
2024-02-05 00:00:00-05:00,9.142857142857142,9.139660063125353,9.160942327596219,9.163166273378883,10983900.0
2024-02-06 00:00:00-05:00,9.1992168200699,9.176385170243842,9.20745517964437,9.193076594228648,6936800.0
2024-02-07 00:00:00-05:00,9.224179840100142,9.220544836805624,9.265748110579665,9.272011840009757,9180500.0
2024-02-08 00:00:00-05:00,9.193248471251712,9.1033320672934,9.215898678042626,9.12009710944773,10210450.0
2024-02-09 00:00:00-05:00,9.122568211603637,9.062259193775121,9.146627945436775,9.071566892412626,7516750.0
2024-02-12 00:00:00-05:00,9.045080644423141,8.986084592192574,9.04660180385179,9.013005710377566,7856400.0
2024-02-13 00:00:00-05:00,9.072442649771212,9.069471626183566,9.16608633697263,9.135148109392672,16175000.0
2024-02-14 00:00:00-05:00,9.108749799412541,8.99659424558001,9.093518411908047,9.022504567045402,10058350.0
2024-02-15 00:00:00-05:00,8.905950323636057,8.824478412984593,8.886222121050436,8.866284571490095,16474650.0
2024-02-16 00:00:00-05:00,8.784053370276936,8.682325496230014,8.83978946373675,8.711547529452888,13385150.0
2024-02-20 00:00:00-05:00,8.878602080136211,8.873524966508885,8.911078829183648,8.897484762031324,7289200.0
2024-02-21 00:00:00-05:00,8.908487601872222,8.911847861920979,8.986551817771065,8.944656675411109,7598950.0
2024-02-22 00:00:00-05:00,8.96558302459723,8.948021246245448,8.99278893811112,9.008645547925754,10639700.0
2024-02-23 00:00:00-05:00,9.017307905685275,8.99144412756028,9.060415750366513,8.986183762456491,11006900.0
2024-02-26 00:00:00-05:00,9.111595716878027,9.103914729257445,9.129989796521011,9.127060586251606,9450600.0
2024-02-27 00:00:00-05:00,9.101351741334796,9.099325135167472,9.160409692158026,9.139523713619898,7670250.0
2024-02-28 00:00:00-05:00,9.182837359147047,9.169261146370365,9.194620624173988,9.164963665703308,5563950.0
2024-02-29 00:00:00-05:00,9.139277079019202,9.135160644803076,9.177012028413388,9.132175674817754,8654100.0
2024-03-01 00:00:00-05:00,9.147596694784777,9.088345284587072,9.17829496334268,9.111478445654123,18490600.0
2024-03-04 00:00:00-05:00,9.059728937548975,8.96484042241415,9.064049107763863,8.966605170816765,19116450.0
2024-03-05 00:00:00-05:00,8.990893017887734,8.981867823503325,9.087338236735466,9.099677053398985,15974600.0
2024-03-06 00:00:00-05:00,9.06129900734111,8.965362445154073,9.032021817415261,8.99592733605972,20748500.0
2024-03-07 00:00:00-05:00,9.012646738347598,8.929495848856961,8.992314471765766,8.99010811596577,13647100.0
2024-03-08 00:00:00-05:00,9.036887248151467,9.055679115493227,9.061934418768724,9.070175845020671,20393000.0
2024-03-11 00:00:00-04:00,9.033139606047516,9.020053424459944,9.058453632517207,9.038031165649429,11347050.0
2024-03-12 00:00:00-04:00,9.023863414252094,9.029253424064303,9.065089207401554,9.044363599188431,12888100.0
2024-03-13 00:00:00-04:00,8.98431229222531,8.822552797837961,9.000449417945923,8.827994487017811,16525750.0
2024-03-14 00:00:00-04:00,8.74596230692778,8.738883895101814,8.812554771976142,8.814342724962671,10785150.0
2024-03-15 00:00:00-04:00,8.674186944003718,8.618127103316763,8.688289651284014,8.671732555773382,16317300.0
2024-03-18 00:00:00-04:00,8.63208002189534,8.65326420919121,8.731290642280651,8.731121785751215,9563600.0
2024-03-19 00:00:00-04:00,8.759104304431242,8.748248521178501,8.794871576501162,8.767002853239447,9032200.0
2024-03-20 00:00:00-04:00,8.76970549057748,8.642217359003018,8.771805657481536,8.68097830520001,20769450.0
2024-03-21 00:00:00-04:00,8.810717815922553,8.804835902955814,8.903683976468754,8.916997996568119,19280050.0
2024-03-22 00:00:00-04:00,8.888300693811761,8.84574948772393,8.868561152797424,8.88076289212565,12051050.0
2024-03-25 00:00:00-04:00,8.902212347145209,8.884733876610232,8.912195477612801,8.901240308780991,7050750.0
2024-03-26 00:00:00-04:00,8.962847785316065,8.963748319370422,9.020637015055133,9.025962310313155,11968150.0
2024-03-27 00:00:00-04:00,9.056401340300877,9.007978990757222,9.056401340300877,9.022656776472385,9296400.0
2024-03-28 00:00:00-04:00,9.098754335018327,9.037281138011235,9.093220090251108,9.042637416294642,19149950.0
2024-04-01 00:00:00-04:00,8.99870581586692,8.996982278594238,9.1157755606008,9.09098870409097,18083900.0
2024-04-02 00:00:00-04:00,8.96142340368286,8.829707202826897,8.965576706644114,8.846056964758693,35918900.0
2024-04-03 00:00:00-04:00,8.676143525034835,8.595718895947122,8.700868944473902,8.602507457787281,36388150.0
2024-04-04 00:00:00-04:00,8.628408735579217,8.555109836521497,8.651906910748908,8.636994946889024,33269350.0
2024-04-05 00:00:00-04:00,8.6766030003708,8.58154378404625,8.701107278861729,8.595285397032933,28310450.0
2024-04-08 00:00:00-04:00,8.516561140750893,8.505688485892167,8.618875658561915,8.5228346054623,25520150.0
2024-04-09 00:00:00-04:00,8.458640681887136,8.450193198217933,8.568883411994474,8.463063918354205,27010250.0
2024-04-10 00:00:00-04:00,8.50256595996375,8.350460100321564,8.529201113430863,8.471905467457786,31965800.0
2024-04-11 00:00:00-04:00,8.441027699319598,8.442395875908078,8.50630443374402,8.4505959676113,20005200.0
2024-04-12 00:00:00-04:00,8.278731396767101,8.26321579402315,8.464733557900212,8.462349063267046,74288550.0
2024-04-15 00:00:00-04:00,8.315147274099617,8.366010527669225,8.375243253765937,8.36614911869804,32602050.0
2024-04-16 00:00:00-04:00,8.445722871239406,8.51515182553825,8.56281821182813,8.574418905521922,33501150.0
2024-04-17 00:00:00-04:00,8.459625340656638,8.419134139034853,8.49941703826953,8.494777295837148,29094200.0
2024-04-18 00:00:00-04:00,8.47606251954101,8.465596636300257,8.52020200111551,8.520494630216296,16657550.0
2024-04-19 00:00:00-04:00,8.503278168074411,8.448328388623738,8.497297493147354,8.436259249730606,19005100.0
2024-04-22 00:00:00-04:00,8.671342664841932,8.612941727433904,8.67849904978803,8.647011820511839,25280600.0
2024-04-23 00:00:00-04:00,8.676399352708057,8.620606737937315,8.683313130512134,8.605041826957606,23888550.0
2024-04-24 00:00:00-04:00,8.631832867803793,8.636727053605407,8.650524401553989,8.62008042883326,12762350.0
2024-04-25 00:00:00-04:00,8.627111663521,8.606265224473084,8.639258401924723,8.616121419411437,19642450.0
2024-04-26 00:00:00-04:00,8.605398955009212,8.607058415313908,8.70828277896149,8.70309362913356,16544900.0
2024-04-29 00:00:00-04:00,8.685966907233913,8.661084604525177,8.721636845152661,8.706403275877047,15166050.0
2024-04-30 00:00:00-04:00,8.80280556508312,8.786622794779861,8.81765191571012,8.809563486002123,21824350.0
2024-05-01 00:00:00-04:00,8.807278909267946,8.742393644420224,8.817351694341564,8.808817027349665,26594650.0
2024-05-02 00:00:00-04:00,8.847598628238092,8.733551806731562,8.841555385393265,8.749178963166562,15627900.0
2024-05-03 00:00:00-04:00,8.793474078492954,8.774897219022813,8.827398378953482,8.792733804762937,17769500.0
2024-05-06 00:00:00-04:00,8.609043671872836,8.591723472844038,8.637535315332048,8.583964881047482,17233950.0
2024-05-07 00:00:00-04:00,8.570515317121657,8.562947785230115,8.596463508731985,8.595907145186658,10236100.0
2024-05-08 00:00:00-04:00,8.582563292710663,8.55095524982128,8.601934030020223,8.560320452907755,10715050.0
2024-05-09 00:00:00-04:00,8.470774024984761,8.382921328573019,8.47588968015798,8.389404169673481,20233700.0
2024-05-10 00:00:00-04:00,8.438029448934815,8.429942899618105,8.512099714575188,8.487000497820205,16595300.0
2024-05-13 00:00:00-04:00,8.403406821514627,8.38063999232647,8.413255604723592,8.382170577593977,10059600.0
2024-05-14 00:00:00-04:00,8.358076829176683,8.312904494764629,8.39056421524923,8.346345325006597,12363850.0
2024-05-15 00:00:00-04:00,8.24153492051817,8.137969093373627,8.348676503425326,8.144911229873411,24585050.0
2024-05-16 00:00:00-04:00,8.159377432346739,8.118880961298093,8.189996124074057,8.131190063629743,12061500.0
2024-05-17 00:00:00-04:00,7.974873934253571,7.761789352259381,8.046098159986608,7.768669557126779,31595000.0
2024-05-20 00:00:00-04:00,7.735568300222078,7.633965079130128,7.850052990858288,7.748792308685624,32087800.0
2024-05-21 00:00:00-04:00,7.724055028383773,7.631650456357879,7.761970829875354,7.660744524110985,17351450.0
2024-05-22 00:00:00-04:00,7.676875445209375,7.682037494694243,7.817146948486525,7.79978759624524,28756400.0
2024-05-23 00:00:00-04:00,7.782995162893405,7.752121301434929,7.8507465982085645,7.8301273028898795,24724550.0
2024-05-24 00:00:00-04:00,7.767991562594497,7.760271828869326,7.813835593045176,7.783705838157686,9373500.0
2024-05-28 00:00:00-04:00,7.454948749605999,7.450238418577862,7.570930730936004,7.462038445599566,17425700.0
2024-05-29 00:00:00-04:00,7.461988319441466,7.36884997359678,7.457556885127196,7.410353208664528,12446700.0
2024-05-30 00:00:00-04:00,7.516129136831127,7.487435463659065,7.641596256855208,7.620338027545148,12646750.0
2024-05-31 00:00:00-04:00,7.569343093760537,7.552321625235478,7.78281343329463,7.755763734747996,18787400.0
2024-06-03 00:00:00-04:00,7.761322808681275,7.737833402343444,7.820754624922583,7.788454857454239,12164300.0
2024-06-04 00:00:00-04:00,7.917979118338379,7.917979118338379,7.980625772373149,7.967061459120267,17183900.0
2024-06-05 00:00:00-04:00,7.990044090556578,7.941733761905648,8.027137388025693,7.949635414480438,11827250.0
2024-06-06 00:00:00-04:00,7.849029583238149,7.68319970900108,7.876489775984697,7.691201801424889,16466950.0
2024-06-07 00:00:00-04:00,7.880908761782019,7.882417892132375,7.949642556710111,7.934008455125565,28032000.0
2024-06-10 00:00:00-04:00,7.873291735705595,7.856828416694062,7.924022029201542,7.87389331408918,10641100.0
2024-06-11 00:00:00-04:00,8.004115249241877,7.996270389902335,8.028614826088365,8.017596452145757,8671500.0
2024-06-12 00:00:00-04:00,7.8716364080255685,7.854552246963254,7.951001956271307,7.943766029084419,16923350.0
2024-06-13 00:00:00-04:00,8.004479100899095,7.982176170735252,8.11081367550745,8.057888715914894,13770700.0
2024-06-14 00:00:00-04:00,8.086368874361302,7.9926003624879645,8.112452668963739,7.987041610494273,16524900.0
2024-06-17 00:00:00-04:00,7.988847470036722,7.989606578554336,8.042169066208482,7.972139673184457,9446850.0
2024-06-18 00:00:00-04:00,8.044277971912233,7.990744168904794,8.031519562848569,7.992210999176217,8477450.0
2024-06-20 00:00:00-04:00,7.863322629023883,7.778805084101388,7.885807920458342,7.791428702218192,15094250.0
2024-06-21 00:00:00-04:00,7.90671534894373,7.903518183113772,7.962095716155902,7.960711728073443,17846550.0
2024-06-24 00:00:00-04:00,7.96563219903416,7.956522008020704,8.005952517377416,7.986296477141203,8731600.0
2024-06-25 00:00:00-04:00,8.026885780516883,8.03695372155815,8.129081012786187,8.127272752231146,9266100.0
2024-06-26 00:00:00-04:00,8.118883816073845,8.057088637553148,8.130317894848579,8.079817793467994,9273000.0
2024-06-27 00:00:00-04:00,8.083961258703624,8.083270863968838,8.138519690460846,8.128166324834227,8051200.0
2024-06-28 00:00:00-04:00,8.022321656333657,8.025660188065006,8.094197434580243,8.092209144764102,7190800.0
2024-07-01 00:00:00-04:00,8.055763680069385,8.023774122876471,8.063533925457518,8.028677998566895,8192600.0
2024-07-02 00:00:00-04:00,8.019739246620743,7.935365606447917,8.014189305985079,7.992584465949795,8546850.0
2024-07-03 00:00:00-04:00,7.843377968917994,7.809353934514274,7.851517320627231,7.830100729108675,10944750.0
2024-07-05 00:00:00-04:00,7.797585334548004,7.6966956097146735,7.819800656255631,7.757373463020541,14484600.0
2024-07-08 00:00:00-04:00,7.747442554999423,7.717993388973143,7.82331761423707,7.756488053711698,12766850.0
2024-07-09 00:00:00-04:00,7.717867573429555,7.713330669441122,7.795837736990798,7.772403664144132,8953400.0
2024-07-10 00:00:00-04:00,7.781547976862089,7.755095355371365,7.829939458886756,7.789772791156838,9349400.0
2024-07-11 00:00:00-04:00,7.744347613790761,7.753372365256143,7.776685368238171,7.78417007058786,14731750.0
2024-07-12 00:00:00-04:00,7.929642813546317,7.898975603521568,7.940586842148199,7.934210311226788,10279650.0
2024-07-15 00:00:00-04:00,7.952652124463155,7.946107826270164,8.002152764864983,7.985372684549925,9573000.0
2024-07-16 00:00:00-04:00,8.04316772834239,7.959902052195379,8.052180369469388,7.97937743501948,14175450.0
2024-07-17 00:00:00-04:00,8.098760824287886,8.097672389071136,8.26357986318268,8.21214293823644,21531950.0
2024-07-18 00:00:00-04:00,8.202809972492542,8.215904994686328,8.311349019788636,8.30073501640951,10525850.0
2024-07-19 00:00:00-04:00,8.390909373990107,8.327598899843581,8.396283527329079,8.30760551857621,14388600.0
2024-07-22 00:00:00-04:00,8.380484014954364,8.324080999216028,8.377042887506953,8.328952686507439,8701950.0
2024-07-23 00:00:00-04:00,8.393355917666188,8.348950429239226,8.397426191130915,8.34257868384939,7310100.0
2024-07-24 00:00:00-04:00,8.360269549110768,8.362960579663762,8.396062354195438,8.391978830523236,9656650.0
2024-07-25 00:00:00-04:00,8.67749628599771,8.58496423833463,8.642034311208821,8.592286625034772,20744250.0
2024-07-26 00:00:00-04:00,8.663253721996757,8.658048857858303,8.714795911419126,8.658948541858893,9385600.0
2024-07-29 00:00:00-04:00,8.663272771157903,8.661063475861788,8.786602501817068,8.660377464586407,10640900.0
2024-07-30 00:00:00-04:00,8.658975608315174,8.593677470294002,8.699565782632284,8.614789195885296,9917900.0
2024-07-31 00:00:00-04:00,8.52954630697886,8.55094362654776,8.581734611388686,8.584691485086687,15272250.0
2024-08-01 00:00:00-04:00,8.546551060109806,8.56814803840751,8.739805943757585,8.673453642599807,13507000.0
2024-08-02 00:00:00-04:00,8.621406669588286,8.63245262289947,8.739999808517156,8.653609386147258,18217200.0
2024-08-05 00:00:00-04:00,8.954933214529955,8.90974432693295,8.974735015344285,8.949315778974666,22665950.0
2024-08-06 00:00:00-04:00,9.029759225428307,8.924869619805406,8.991421761695172,8.956980617497942,16335150.0
2024-08-07 00:00:00-04:00,8.992706632781603,8.974969457011658,9.086598189835696,9.064940556652605,8998850.0
2024-08-08 00:00:00-04:00,9.010113346047449,8.905877572761788,9.030844552940382,8.956816971482736,12015750.0
2024-08-09 00:00:00-04:00,8.95697226722729,8.921980149675123,8.995981305222939,8.98239990234375,10187500.0
2024-08-12 00:00:00-04:00,8.910165755215017,8.92734335471178,8.995620767168699,8.960769153121486,10442200.0
2024-08-13 00:00:00-04:00,9.046807441761933,8.996461883355288,9.063719267456607,8.971675722820976,9300350.0
2024-08-14 00:00:00-04:00,8.968725296871714,8.95238083799937,9.086694074036815,9.001193971442293,9788450.0
2024-08-15 00:00:00-04:00,8.779457411047689,8.743274250486037,8.842105389331373,8.77455523227169,11239650.0
2024-08-16 00:00:00-04:00,8.893658161829308,8.775340377682435,8.886689578534432,8.77752564564797,15620100.0
2024-08-19 00:00:00-04:00,8.701322769674931,8.616356954132945,8.71217285482054,8.632500979089047,12633800.0
2024-08-20 00:00:00-04:00,8.560806345979637,8.552996684448138,8.646839088702631,8.651283939464859,14764050.0
2024-08-21 00:00:00-04:00,8.606612250548805,8.580324257708247,8.64516117954561,8.61409971519287,11893450.0
2024-08-22 00:00:00-04:00,8.556835269341788,8.554771714522962,8.692307407361945,8.691549845475125,14869050.0
2024-08-23 00:00:00-04:00,8.649943886386858,8.534286462077475,8.656402986751912,8.53014697663512,13565750.0
2024-08-26 00:00:00-04:00,8.520072999941318,8.51568196025912,8.553630841765074,8.519765633486898,5981900.0
2024-08-27 00:00:00-04:00,8.502385410693808,8.502185324278452,8.545018600168001,8.530336044705574,7513650.0
2024-08-28 00:00:00-04:00,8.637378805962857,8.638123566648128,8.696946466483974,8.683027177323462,8262850.0
2024-08-29 00:00:00-04:00,8.68401366150109,8.63622947132243,8.708975046106197,8.688922103268453,8659000.0
2024-08-30 00:00:00-04:00,8.715517095934487,8.688806240275547,8.802978172984355,8.777608726289975,10752550.0
2024-09-03 00:00:00-04:00,8.91908654910123,8.91837485044653,9.043134156424323,9.002736277286438,11783500.0
2024-09-04 00:00:00-04:00,8.969164159208068,8.92813002516919,8.967162062820668,8.973130449275668,8009200.0
2024-09-05 00:00:00-04:00,8.821835050200217,8.751972718822556,8.846271709584686,8.858178046453212,9705850.0
2024-09-06 00:00:00-04:00,8.831619117373512,8.833396248089665,9.086663670662563,9.051413227088723,15060600.0
2024-09-09 00:00:00-04:00,8.991446371725202,8.94976826229258,9.00312614364519,8.959381148386187,6161800.0
2024-09-10 00:00:00-04:00,8.951849290651435,8.965331806670665,9.035183573358768,8.967617206166663,6886850.0
2024-09-11 00:00:00-04:00,8.895201842886893,8.881388299601559,9.01990588478081,8.891653619365517,7844750.0
2024-09-12 00:00:00-04:00,8.807432817509117,8.66752166410291,8.822732437389146,8.666299884999539,16227200.0
2024-09-13 00:00:00-04:00,8.544312799143876,8.471464143332014,8.564841230061216,8.51820088424191,18042250.0
2024-09-16 00:00:00-04:00,8.444640674279778,8.45811209033807,8.532258290557564,8.502315862373006,9707550.0
2024-09-17 00:00:00-04:00,8.496787935101137,8.440042527059454,8.49892238913502,8.488555225657906,10380700.0
2024-09-18 00:00:00-04:00,8.52200343254503,8.43122783460115,8.685862005404225,8.645741427521626,23123500.0
2024-09-19 00:00:00-04:00,8.433274530731472,8.436773843672386,8.502507118229177,8.514417830891714,12480500.0
2024-09-20 00:00:00-04:00,8.489788867920739,8.483566491139465,8.533356941679534,8.525519465496593,14693400.0
2024-09-23 00:00:00-04:00,8.606801458044073,8.602827324286345,8.685642452103219,8.67333797877485,14816250.0
2024-09-24 00:00:00-04:00,8.609479853149676,8.362431996446526,8.631522656654294,8.375425948031175,25008100.0
2024-09-25 00:00:00-04:00,8.460137430038486,8.377634282173364,8.499652769821294,8.45595320865469,17010200.0
2024-09-26 00:00:00-04:00,8.405184345377386,8.396809328061645,8.472356527874213,8.440874702514565,15366550.0
2024-09-27 00:00:00-04:00,8.39502373134338,8.372921810289418,8.541098325922983,8.489951458440949,17719600.0
2024-09-30 00:00:00-04:00,8.557348272959718,8.552207217984412,8.608448680980741,8.555438185992609,11747400.0
2024-10-01 00:00:00-04:00,8.519805111124263,8.498967662301359,8.583537797103796,8.593771912736331,17200950.0
2024-10-02 00:00:00-04:00,8.431514167056637,8.352682110364142,8.507322276741121,8.471034609038254,13950950.0
2024-10-03 00:00:00-04:00,8.464891128064442,8.372829303212509,8.464397175825606,8.398563439538874,12290950.0
2024-10-04 00:00:00-04:00,8.381799652305281,8.203857829897737,8.421325290087461,8.344686475027506,22515500.0
2024-10-07 00:00:00-04:00,8.43088589801372,8.418844840664567,8.492163195172461,8.440027500630949,12360500.0
2024-10-08 00:00:00-04:00,8.581133213499115,8.5538025731757,8.759738292597286,8.652980833155208,23353500.0
2024-10-09 00:00:00-04:00,8.731353958525181,8.640228592907539,8.731495067226774,8.65218943901222,12139200.0
2024-10-10 00:00:00-04:00,8.643904548007121,8.548012721203463,8.65007141285415,8.556025881068408,11560900.0
2024-10-11 00:00:00-04:00,8.548950934924267,8.518184656051274,8.550891917311667,8.523264157063807,11443050.0
2024-10-14 00:00:00-04:00,8.611169988582036,8.548678673634015,8.631095444941314,8.586895566316786,8719300.0
2024-10-15 00:00:00-04:00,8.590112256694345,8.53114208671731,8.604151939579598,8.565656775027458,11256250.0
2024-10-16 00:00:00-04:00,8.503433653187567,8.452810668258918,8.563086433454352,8.548944835729845,11610800.0
2024-10-17 00:00:00-04:00,8.566735800359956,8.529451748326661,8.673204964424439,8.606092424214415,10272850.0
2024-10-18 00:00:00-04:00,8.48320345520711,8.182617211450028,8.49422138845774,8.200718318465476,26462000.0
2024-10-21 00:00:00-04:00,8.1188568039441,8.10566772654911,8.217961122471223,8.14327384487166,22964150.0
2024-10-22 00:00:00-04:00,8.059235688947394,7.985534859556159,8.083226828507193,8.000314886796094,21411200.0
2024-10-23 00:00:00-04:00,8.13762053783919,8.138218827020465,8.208661440481272,8.169000410163815,22716350.0
2024-10-24 00:00:00-04:00,8.120230841160302,8.111431669463256,8.297029710449362,8.23721077395284,17606850.0
2024-10-25 00:00:00-04:00,8.240680203685873,8.173758843007993,8.26288184923307,8.270323678254998,11971000.0
2024-10-28 00:00:00-04:00,8.238684534339853,8.184253202840898,8.260940235642888,8.243735945484461,10163000.0
2024-10-29 00:00:00-04:00,8.164581484448378,8.1336085903931,8.185125566608749,8.158330720526937,15692150.0
2024-10-30 00:00:00-04:00,8.352635383129197,8.31859248750896,8.40426920361776,8.357676224066234,13643150.0
2024-10-31 00:00:00-04:00,8.4218853983976,8.418972363800483,8.514516873820906,8.504193191833783,21502900.0
2024-11-01 00:00:00-04:00,8.460745387544252,8.441868039148977,8.563093838578004,8.54671609329556,14318950.0
2024-11-04 00:00:00-05:00,8.500671604352902,8.483774071901621,8.571865499712375,8.532906142158438,8812950.0
2024-11-05 00:00:00-05:00,8.47345550299043,8.460692925388614,8.501515632260364,8.51764685366334,9109200.0
2024-11-06 00:00:00-05:00,8.713728085704703,8.633508181393983,8.7139804919833,8.642279082336543,23819100.0
2024-11-07 00:00:00-05:00,8.585407767327737,8.540614744339113,8.618269789056125,8.576090300998086,15126800.0
2024-11-08 00:00:00-05:00,8.597515126947322,8.589390292995155,8.715441298612566,8.706461049837387,13251550.0
2024-11-11 00:00:00-05:00,8.67822673172701,8.662740605355143,8.69624832358707,8.657132832821945,18118200.0
2024-11-12 00:00:00-05:00,8.61749976021903,8.603061671391469,8.614249424363711,8.551834900661586,13353350.0
2024-11-13 00:00:00-05:00,8.541946816233407,8.53854297587521,8.608333081669281,8.606664238671552,12481100.0
2024-11-14 00:00:00-05:00,8.574483726562391,8.517895524127312,8.58342431545702,8.522473896380008,13161150.0
2024-11-15 00:00:00-05:00,8.472539214243133,8.471510168416575,8.59381824840199,8.581429051749545,13068950.0
2024-11-18 00:00:00-05:00,8.5330022750107,8.473684210526315,8.538707324259429,8.495067070727083,11027350.0
2024-11-19 00:00:00-05:00,8.529515383310068,8.528215622247908,8.555319581006287,8.535087719298245,9665100.0
2024-11-20 00:00:00-05:00,8.585417778558902,8.61898067269268,8.681283462749718,8.705337786347497,8884300.0
2024-11-21 00:00:00-05:00,8.70993957341511,8.721201562273587,8.799785163683236,8.796718816279343,9338450.0
2024-11-22 00:00:00-05:00,8.779624794101482,8.770227883740851,8.789361485978755,8.775553296929571,10338450.0
2024-11-25 00:00:00-05:00,8.81204943445942,8.810381972351145,8.8131386529009,8.775968262490942,16605750.0
2024-11-26 00:00:00-05:00,8.73057602067511,8.734818433499978,8.752898496090177,8.739208763155732,7715300.0
2024-11-27 00:00:00-05:00,8.823423643369932,8.806752562211834,8.901903355230143,8.870309607491983,14894600.0
2024-11-29 00:00:00-05:00,8.768323418688949,8.772662153561303,8.796908641701744,8.796203283194613,6186200.0
2024-12-02 00:00:00-05:00,8.777738002349224,8.775744329607354,8.806229410168509,8.759985405591943,7345200.0
2024-12-03 00:00:00-05:00,8.677294037761856,8.654429697707796,8.692390319445805,8.625529941764492,9050700.0
2024-12-04 00:00:00-05:00,8.636459358409901,8.55141135486038,8.634982392408348,8.575884762718282,13685500.0
2024-12-05 00:00:00-05:00,8.570024767414264,8.547744091589026,8.568647980724576,8.503501580942274,10464600.0
2024-12-06 00:00:00-05:00,8.57309307565089,8.55649124948602,8.633903244306296,8.599999891973175,8368100.0
2024-12-09 00:00:00-05:00,8.431359346060832,8.396534082498563,8.471847600805843,8.466528795238816,21096300.0
2024-12-10 00:00:00-05:00,8.497086046008754,8.508034208900908,8.55471203676594,8.575025812368343,24319500.0
2024-12-11 00:00:00-05:00,8.613126063289187,8.563735282894125,8.614879048685767,8.641873236983331,17308050.0
2024-12-12 00:00:00-05:00,8.658629989237676,8.667598141880102,8.779160304033534,8.768794045717657,22471850.0
2024-12-13 00:00:00-05:00,8.824353334139937,8.824542340708849,8.85357023999686,8.803243001302084,13464650.0
2024-12-16 00:00:00-05:00,8.792905947825165,8.797563404820297,8.800071731698711,8.808633510908868,6217450.0
2024-12-17 00:00:00-05:00,8.798268174190289,8.78412362469134,8.854386669361627,8.77166512499032,10963000.0
2024-12-18 00:00:00-05:00,8.837808855011534,8.817294214743722,8.921180546896764,8.910986633428838,17905150.0
2024-12-19 00:00:00-05:00,9.020323708006385,9.007504933877984,9.11531083846651,9.034690873595865,19597650.0
2024-12-20 00:00:00-05:00,9.072153255351614,8.97856657460972,9.073363388306547,8.993313722785299,13507700.0
2024-12-23 00:00:00-05:00,8.971407477373166,8.927595156757707,8.982828879151135,8.927751343359292,10154700.0
2024-12-24 00:00:00-05:00,8.944074277524594,8.933826635049101,8.959077933146435,8.935603195818347,3194350.0
2024-12-26 00:00:00-05:00,8.937684066697841,8.951121122880922,8.993687122301772,8.956153750575577,6444550.0
2024-12-27 00:00:00-05:00,8.96987736790706,8.974406719753595,9.021332681370335,9.02092645111204,7185800.0
2024-12-30 00:00:00-05:00,9.063157833599035,9.059751833950433,9.130335515275252,9.104426867361404,11188200.0
2024-12-31 00:00:00-05:00,9.189859216871579,9.172465936983194,9.193364201538522,9.195974386039106,5265250.0
2025-01-02 00:00:00-05:00,9.139970340442467,9.107196109687832,9.141572841070715,9.113256419896032,9304950.0
2025-01-03 00:00:00-05:00,8.99448299944912,8.990819369808639,9.043478334830057,9.024833566508711,6754850.0
2025-01-06 00:00:00-05:00,8.932178744092791,8.868315580790439,8.941633017381886,8.927680047165568,8397950.0
2025-01-07 00:00:00-05:00,8.882778932492002,8.878974044899318,8.927499169769048,8.948408278130374,11249000.0
2025-01-08 00:00:00-05:00,8.89967387862272,8.913200735926164,9.005893110214052,8.972992847929806,9614800.0
2025-01-10 00:00:00-05:00,8.879698954420583,8.91338541610134,8.98548130334432,8.989858791267396,18229600.0
2025-01-13 00:00:00-05:00,9.123703568070024,9.076498287560124,9.123557359125058,9.114985676490456,12707000.0
2025-01-14 00:00:00-05:00,9.086940025071437,9.045770710988487,9.08996676016041,9.081984994496038,8356400.0
2025-01-15 00:00:00-05:00,8.963885948957588,8.895639670070945,8.991991287992223,8.901288019749108,13117850.0
2025-01-16 00:00:00-05:00,8.95496789341861,8.914538744269331,8.976686219727254,8.937232450828635,15068050.0
2025-01-17 00:00:00-05:00,9.079999889026988,9.034942200672175,9.079810096477502,9.028250588991455,13643750.0
2025-01-21 00:00:00-05:00,9.017537298939073,9.026006532414327,9.042369780311109,9.027460649712033,11441250.0
2025-01-22 00:00:00-05:00,9.094778312326575,9.044033879822134,9.122214290552687,9.070588220894505,13204450.0
2025-01-23 00:00:00-05:00,9.20021795893462,9.162706515284432,9.223641325488316,9.149081855819281,14996300.0
2025-01-24 00:00:00-05:00,9.161059478215233,9.154914815622625,9.191298292665747,9.159799186462157,10545700.0
2025-01-27 00:00:00-05:00,9.23127274946733,9.165825400314596,9.31312403971516,9.21303765214683,14245650.0
2025-01-28 00:00:00-05:00,9.234652720181847,9.19488465041275,9.269441586245586,9.235613479066831,10484250.0
2025-01-29 00:00:00-05:00,9.071632498094521,9.032967585754966,9.095152588230967,9.078571319580078,17264800.0
2025-01-30 00:00:00-05:00,8.977312936530693,8.937370655856686,8.988783947946832,8.98502764493376,25884450.0
2025-01-31 00:00:00-05:00,9.00521315432764,9.01178463766558,9.082775304517387,9.069098403466919,17534050.0
2025-02-03 00:00:00-05:00,9.0980737982935,9.060312346350178,9.202836240867555,9.066620221474643,21625000.0
2025-02-04 00:00:00-05:00,8.994502957143823,8.90569920697515,9.005858097207476,8.983573106383645,25913850.0
2025-02-05 00:00:00-05:00,9.007152817081112,8.977050211549624,9.003412468672074,8.999318618393351,23777400.0
2025-02-06 00:00:00-05:00,9.017100059027353,8.967018109111239,9.044966849343735,8.966303614724394,13227300.0
2025-02-07 00:00:00-05:00,8.969225700300763,8.955951854518169,9.096752070056505,9.090595509971333,18054000.0
2025-02-10 00:00:00-05:00,9.193825163196088,9.150544893632834,9.189820871234618,9.19075301730135,13710800.0
2025-02-11 00:00:00-05:00,9.275814502616887,9.218824449496344,9.2543370672893,9.220345332704742,10474300.0
2025-02-12 00:00:00-05:00,9.148972154670293,9.108584965393627,9.162367007211838,9.123040628345905,13022600.0
2025-02-13 00:00:00-05:00,9.194929393143621,9.171981643386617,9.210851424816243,9.175492395078342,12689100.0
2025-02-14 00:00:00-05:00,8.93088655318573,8.923711536580306,9.090753605182762,9.085295578198334,23256300.0
2025-02-18 00:00:00-05:00,9.104658508941517,9.045728239226854,9.117348964690894,9.050485241993504,14348500.0
2025-02-19 00:00:00-05:00,9.098487148765756,9.09282792174297,9.117507076663722,9.085877589932833,11501550.0
2025-02-20 00:00:00-05:00,9.013676287940683,9.022237102875982,9.041834706022224,9.048079577002943,11388650.0
2025-02-21 00:00:00-05:00,9.02065235388547,9.041292159755656,9.111224153507647,9.149712363576874,12216600.0
2025-02-24 00:00:00-05:00,9.17991258060596,9.193787967875922,9.25641949186298,9.246263128975572,9684800.0
2025-02-25 00:00:00-05:00,9.306136124274127,9.272354940273948,9.358975013464327,9.317377586820916,16111100.0
2025-02-26 00:00:00-05:00,9.280054906190326,9.246734812540076,9.304256981222133,9.296129710249758,8753500.0
2025-02-27 00:00:00-05:00,9.208361621167219,9.214582187512667,9.318182523860509,9.328520994166535,13027300.0
2025-02-28 00:00:00-05:00,9.317246086415752,9.274647796988793,9.317046771397608,9.299540585664513,12598250.0
2025-03-03 00:00:00-05:00,9.18468474422495,9.205933321486148,9.248779090560728,9.277912703804347,12123800.0
2025-03-04 00:00:00-05:00,9.263429796305156,9.245024006149595,9.340781938367064,9.277930950296335,11124600.0
2025-03-05 00:00:00-05:00,9.167636175754838,9.075218385969343,9.173570689960046,9.056768255671079,16238350.0
2025-03-06 00:00:00-05:00,9.09322033898305,9.03486458112405,9.09942347845903,9.035028466647836,11512450.0
2025-03-07 00:00:00-05:00,9.155835383673667,9.108490348995955,9.159480524906012,9.070294466523164,14608800.0
2025-03-10 00:00:00-04:00,9.053450607315689,9.075050815881598,9.141088077436518,9.139127549530784,11741450.0
2025-03-11 00:00:00-04:00,9.072997628802757,8.985010222295697,9.075050815881598,8.983979034952865,15832200.0
2025-03-12 00:00:00-04:00,8.943037878977524,8.939683903172071,8.963259203896648,8.945400156008752,13000500.0
2025-03-13 00:00:00-04:00,8.992384121310401,8.911003543779731,9.012611860492985,8.950227941813829,25682750.0
2025-03-14 00:00:00-04:00,8.937883868569548,8.93307420196608,9.002294382223786,8.962552863557057,18442850.0
2025-03-17 00:00:00-04:00,9.057856931422164,8.972123342701083,9.052926165606642,8.981824595363193,14778550.0
2025-03-18 00:00:00-04:00,8.999999693352313,8.995505453823151,9.05159000593865,9.074878054887742,15010550.0
2025-03-19 00:00:00-04:00,9.121577683175717,9.11528557759651,9.164531709905122,9.141788141514228,16040350.0
2025-03-20 00:00:00-04:00,9.23323376305702,9.197772936335028,9.243466652567134,9.204918032786885,9352700.0
2025-03-21 00:00:00-04:00,9.250579275876742,9.23834682496126,9.306527682643878,9.276814989599803,13279100.0
2025-03-24 00:00:00-04:00,9.25688720314631,9.229166615419286,9.253341732807105,9.254005623240827,12681900.0
2025-03-25 00:00:00-04:00,9.125368436707053,9.101430083612682,9.117627288333988,9.106278676110433,12129100.0
2025-03-26 00:00:00-04:00,9.082709247517093,9.07087083672023,9.113517157189435,9.113658171520555,8667150.0
2025-03-27 00:00:00-04:00,9.117646526462185,8.988846872783915,9.113102788682932,9.002873689915777,21387350.0
2025-03-28 00:00:00-04:00,9.041733445137142,9.062082649831314,9.165909907878648,9.163225727696572,17361950.0
2025-03-31 00:00:00-04:00,9.344491209025943,9.296905557467824,9.37828118098924,9.297838553615485,16164200.0
2025-04-01 00:00:00-04:00,9.346938798207278,9.353930970886738,9.392575513992538,9.38850849504958,19092700.0
2025-04-02 00:00:00-04:00,9.378009138768798,9.332580083547661,9.378589787069172,9.368010452468853,16025700.0
2025-04-03 00:00:00-04:00,9.76787534808288,9.796340023574595,9.78690250289605,9.91415782204417,33266250.0
2025-04-04 00:00:00-04:00,10.144492987696646,10.136687870774068,10.46368054975287,10.329394461180701,47345850.0
2025-04-07 00:00:00-04:00,10.21465176354298,10.062500471013713,10.125556679039635,10.08511413450786,28669300.0
2025-04-08 00:00:00-04:00,10.056822423351747,10.018718518535302,10.172106808131192,10.140015416212435,16134450.0
2025-04-09 00:00:00-04:00,10.221658637518935,10.122875263248222,10.238251392850854,10.170349619186215,31761150.0
2025-04-10 00:00:00-04:00,10.274279305858105,10.304714446353806,10.328299766351503,10.337694448556725,21448800.0
2025-04-11 00:00:00-04:00,10.349426258419431,10.189648636778292,10.349023514655594,10.206577157412847,28994300.0
2025-04-14 00:00:00-04:00,10.156013906209967,10.067209633030256,10.198407456306823,10.082709988021616,20848250.0
2025-04-15 00:00:00-04:00,10.113419158822891,10.116089554488408,10.140068102795638,10.125127518676257,16098900.0
2025-04-16 00:00:00-04:00,10.20602981585236,10.261825211895502,10.22895555518165,10.331653187364765,21030300.0
2025-04-17 00:00:00-04:00,10.36932931838826,10.344560436450697,10.378128563405545,10.35939096517007,15968600.0
2025-04-21 00:00:00-04:00,10.518196360231215,10.543485546447751,10.624366169637204,10.59382298217375,18833850.0
2025-04-22 00:00:00-04:00,10.657602567205386,10.534992003369586,10.520677469544491,10.54610119835805,31247950.0
2025-04-23 00:00:00-04:00,10.20395834033153,9.952318154214801,10.117469054214412,9.936191073396037,28698250.0
2025-04-24 00:00:00-04:00,10.128011098491244,10.08499504613115,10.113176234397391,10.080825023166234,13125250.0
2025-04-25 00:00:00-04:00,10.072763951975558,10.145182433458722,10.104397466088379,10.140766014080485,15008800.0
2025-04-28 00:00:00-04:00,10.111369503587788,10.235429719951965,10.15655387179305,10.237495921060155,13831750.0
2025-04-29 00:00:00-04:00,10.043021014659336,10.063934826460041,10.194500439675206,10.260140742252107,15909700.0
2025-04-30 00:00:00-04:00,10.263139562651647,10.26736037596715,10.307065113343738,10.262499496582398,15229300.0
2025-05-01 00:00:00-04:00,10.11254692979128,10.082572254950877,10.124100327453247,10.121129555376841,14899800.0
2025-05-02 00:00:00-04:00,10.134031226296992,10.146711972147692,10.228305420626846,10.232829752699026,11359650.0
2025-05-05 00:00:00-04:00,10.35262339513229,10.407645448402121,10.416410006009615,10.409769662416108,9488150.0
2025-05-06 00:00:00-04:00,10.36821149691622,10.437169229697949,10.379999796549479,10.439444677515748,14658050.0
2025-05-07 00:00:00-04:00,10.483708475124445,10.48744562986978,10.575715886757093,10.537470410709922,10984550.0
2025-05-08 00:00:00-04:00,10.464865059918777,10.425789248740992,10.321865854666274,10.340462129999604,12568450.0
2025-05-09 00:00:00-04:00,10.363299684792986,10.323520027607739,10.320742452029538,10.296644436027076,7938050.0
2025-05-12 00:00:00-04:00,10.054937169030495,10.069603346518239,10.085627055600735,10.06378707010707,14508950.0
2025-05-13 00:00:00-04:00,10.07140396210717,10.006663962100138,10.038499969853456,10.00534541936816,11663850.0
2025-05-14 00:00:00-04:00,9.978593624957842,9.989833463452298,10.012345438369026,10.022564227764423,14424550.0
2025-05-15 00:00:00-04:00,10.054701063368055,10.057393161917087,10.066826488274447,10.058763600084719,11779950.0
2025-05-16 00:00:00-04:00,10.021232447657326,10.026548501936011,10.026803950322154,10.042320747305723,11724300.0
2025-05-19 00:00:00-04:00,10.120625314812976,10.111072794769486,10.115319562896335,10.13018348084382,11367200.0
2025-05-20 00:00:00-04:00,10.103284766885897,10.07899107648215,10.111863992981991,10.075671922605576,13662550.0
2025-05-21 00:00:00-04:00,10.091119440470626,10.037994908697478,10.08870463718269,10.023598984922943,15959700.0
2025-05-22 00:00:00-04:00,10.166277707797878,10.1388240647974,10.144392180588124,10.093572374986891,12512350.0
2025-05-23 00:00:00-04:00,10.230539247693445,10.172131147540984,10.242171769893703,10.172413538228716,14218800.0
2025-05-27 00:00:00-04:00,10.113514923415256,10.078677847365702,10.098065205366991,10.072775541215703,10939750.0
2025-05-28 00:00:00-04:00,10.104146550675408,10.08898428226085,10.115487544045367,10.133755910522318,10007500.0
2025-05-29 00:00:00-04:00,10.093759689444108,10.121702431970183,10.131780338935544,10.086138384378726,10824250.0
2025-05-30 00:00:00-04:00,10.081009501597531,10.070221385743407,10.12424422593127,10.120000203450521,11929350.0
2025-06-02 00:00:00-04:00,10.023014185789357,9.86455688157194,10.049479431026466,9.866097243503875,25733250.0
2025-06-03 00:00:00-04:00,9.899584043073995,9.836669981344105,9.885741773845297,9.825381628969131,16236950.0
2025-06-04 00:00:00-04:00,9.878991273210033,9.92300355884671,9.886006876715651,9.920229495302408,13596500.0
2025-06-05 00:00:00-04:00,9.538460926944516,9.524100788075987,9.58709854888156,9.532510918321632,31312650.0
2025-06-06 00:00:00-04:00,9.389125562876458,9.375379517851407,9.373272296613052,9.335576797070816,19023850.0
2025-06-09 00:00:00-04:00,9.226284855789455,9.171436402947576,9.244242350260416,9.182988940462389,20545200.0
2025-06-10 00:00:00-04:00,9.255778590444796,9.250599534094656,9.265980329288938,9.229912599464244,18096300.0
2025-06-11 00:00:00-04:00,9.340826764992851,9.340798624861712,9.338931484076813,9.35872497654164,21980450.0
2025-06-12 00:00:00-04:00,9.489802274418999,9.470659198352827,9.489173077428696,9.443436153612984,16321500.0
2025-06-13 00:00:00-04:00,9.608116455704977,9.60677534514874,9.607807250646893,9.593266509990642,19153000.0
2025-06-16 00:00:00-04:00,9.510574087762935,9.498340290312832,9.472643752047937,9.4392979201295,13865850.0
2025-06-17 00:00:00-04:00,9.297056013433904,9.241216707135646,9.271150614166245,9.245405658663303,17529500.0
2025-06-18 00:00:00-04:00,9.273562509871688,9.273481807002314,9.33032200824232,9.325518650337882,15658200.0
2025-06-20 00:00:00-04:00,9.436546616579852,9.481244463802957,9.494934077298861,9.478300529114346,17104950.0
2025-06-23 00:00:00-04:00,9.458701107843382,9.460514996839168,9.466443231064996,9.438106650883203,15674900.0
2025-06-24 00:00:00-04:00,9.372350675107675,9.388292562369363,9.46787259958757,9.389450987750388,16508800.0
2025-06-25 00:00:00-04:00,9.385490593774714,9.31111787276476,9.3911966560288,9.30384764414986,9493750.0
2025-06-26 00:00:00-04:00,9.229398706779671,9.208271160167563,9.238181374289773,9.201559609335641,11021350.0
2025-06-27 00:00:00-04:00,9.214680163539908,9.190272684751346,9.218875680969807,9.2342124795802,15448800.0
2025-06-30 00:00:00-04:00,9.241748269162791,9.290676912340766,9.2565917257553,9.29076421253711,9378700.0
2025-07-01 00:00:00-04:00,9.370179006955421,9.329710445809356,9.396514642443552,9.396577821398738,11386000.0
2025-07-02 00:00:00-04:00,9.326067814994914,9.30806192157676,9.321590908301074,9.30354947004516,10994950.0
2025-07-03 00:00:00-04:00,9.187612346379096,9.167511604127423,9.196454955748825,9.165623098556596,7816000.0
2025-07-07 00:00:00-04:00,9.22776753332754,9.201854189351131,9.222592203438195,9.194435905212933,9742300.0
2025-07-08 00:00:00-04:00,9.189918120783862,9.186151276985894,9.183196172390526,9.136677539718573,14656800.0
2025-07-09 00:00:00-04:00,9.174372474232925,9.219674537482337,9.199939909257424,9.258181485262783,14204100.0
2025-07-10 00:00:00-04:00,9.18973199433762,9.079088418381914,9.20628214150257,9.072592954282408,25677600.0
2025-07-11 00:00:00-04:00,9.030993522264948,8.847448003402445,9.03425988956033,8.825007862436545,33552550.0
2025-07-14 00:00:00-04:00,8.775411601704894,8.76678936969615,8.891361038990812,8.894311298454392,23229150.0
2025-07-15 00:00:00-04:00,8.870856822386743,8.892280512083536,8.959566333872623,8.953007180783812,21115650.0
2025-07-16 00:00:00-04:00,8.930212003551363,8.99884290090019,8.978855149387693,8.958442636808337,22088150.0
2025-07-17 00:00:00-04:00,8.906705737471638,8.871684276825583,8.929470631183394,8.877055780449595,10727900.0
2025-07-18 00:00:00-04:00,8.888760623641035,8.874641127381997,8.910983263621391,8.910430777519275,11939800.0
2025-07-21 00:00:00-04:00,8.882939318174213,8.828120111042189,8.880307323925196,8.857992033918974,19853150.0
2025-07-22 00:00:00-04:00,8.846132707043369,8.853302895496094,8.917259353004749,8.849383966994539,19448550.0
2025-07-23 00:00:00-04:00,8.780761038540712,8.770815728025575,8.779814003670369,8.746988083158907,16215150.0
2025-07-24 00:00:00-04:00,8.746889230945825,8.747960531885774,8.770147072593447,8.742461942511687,9509300.0
2025-07-25 00:00:00-04:00,8.725057198835696,8.71178307080656,8.880510912767011,8.869013134731343,17167350.0
2025-07-28 00:00:00-04:00,8.843866924869733,8.837705353387344,8.830960938076483,8.816686173307955,12909400.0
2025-07-29 00:00:00-04:00,8.827944375898337,8.827774857831777,8.845417467618496,8.835833853094092,8223400.0
2025-07-30 00:00:00-04:00,8.922040532165937,8.881924217867486,9.010777775620431,8.981199836756904,24392600.0
2025-07-31 00:00:00-04:00,9.146846946437869,9.133733112099947,9.149848921846646,9.092436801616735,12217700.0
2025-08-01 00:00:00-04:00,9.14129148977834,9.166419413589427,9.207847194580868,9.202440724840175,14815300.0
2025-08-04 00:00:00-04:00,9.160034924773,9.155359683387962,9.168981066704351,9.149794227503024,8682400.0
2025-08-05 00:00:00-04:00,9.125845646416243,9.074106120865263,9.126801585809641,9.05851579284738,11724450.0
2025-08-06 00:00:00-04:00,9.02355373165917,9.02930023824427,9.035870168133695,9.039301711583109,8082900.0
2025-08-07 00:00:00-04:00,8.944620225799438,8.94941410766342,9.000579608542667,9.008055530405915,16443800.0
2025-08-08 00:00:00-04:00,8.980736545897894,8.986242598568762,9.011881052626576,8.975056714638015,17836450.0
2025-08-11 00:00:00-04:00,8.98718677186522,8.993900694667113,9.000292631250472,9.02720845635118,10538000.0
2025-08-12 00:00:00-04:00,9.001751930828311,8.95771817240974,8.991790852152581,8.958732646924323,10897700.0
2025-08-13 00:00:00-04:00,8.864353758866272,8.85816228705901,8.850789833924383,8.834571184430803,8952100.0
2025-08-14 00:00:00-04:00,8.88686808414132,8.873093419795413,8.923435302176232,8.905797101449275,10818700.0
2025-08-15 00:00:00-04:00,8.949912491911542,8.922363728727289,8.96756236617347,8.911014280457428,9935900.0
2025-08-18 00:00:00-04:00,8.88026572129091,8.878028025924982,8.895561184333426,8.884226309266513,7410450.0
2025-08-19 00:00:00-04:00,8.89933272127014,8.902142525656433,9.015953211186384,9.012990807221277,11921400.0
2025-08-20 00:00:00-04:00,8.989769563732876,8.954136266741344,8.988303714589264,8.956142393795083,8709400.0
2025-08-21 00:00:00-04:00,8.928653986043386,8.882963565735901,8.91233648707471,8.878647879971837,7703450.0
2025-08-22 00:00:00-04:00,8.894950584946093,8.768536180149207,8.907848229171034,8.788341404393638,17264900.0
2025-08-25 00:00:00-04:00,8.830054637081643,8.793211025608652,8.842661604222876,8.847229655120653,7165400.0
2025-08-26 00:00:00-04:00,8.900286003909136,8.894871938107567,8.896501951149785,8.911478654851926,12767550.0
2025-08-27 00:00:00-04:00,8.96602415066967,8.919897016228338,8.979196288159647,8.937124219903168,7202150.0
2025-08-28 00:00:00-04:00,8.848348169284652,8.870495003144011,8.88646072642968,8.869087689170911,15344650.0
2025-08-29 00:00:00-04:00,8.902970715857379,8.76522425773183,8.908267762373303,8.788892494996569,22297750.0
2025-09-02 00:00:00-04:00,8.758394702955062,8.768362375116638,8.790556891345318,8.764198733910758,28561400.0
2025-09-03 00:00:00-04:00,8.780069480011724,8.752657214379099,8.787789357302518,8.787895375134202,21676700.0
2025-09-04 00:00:00-04:00,8.791128819145104,8.800644460387414,8.88206378969282,8.846195498016833,28480800.0
2025-09-05 00:00:00-04:00,8.808607327543001,8.814894039677316,8.897213465375303,8.896801825805808,20750350.0
2025-09-08 00:00:00-04:00,8.881022261708338,8.87311649961863,8.919432696529402,8.926153620540422,21818500.0
2025-09-09 00:00:00-04:00,9.004274539978903,9.002394387299557,9.020535564555122,8.984937999370851,22821550.0
2025-09-10 00:00:00-04:00,8.988755681447946,8.975726458643402,8.759129638547206,8.961775224086699,14844650.0
2025-09-11 00:00:00-04:00,8.920792203522119,8.838608118303908,8.919635276945169,8.858428199404386,14067050.0
2025-09-12 00:00:00-04:00,8.783472545503281,8.748764836766181,8.787155899821554,8.748565782285059,14761000.0
2025-09-15 00:00:00-04:00,8.780940058953508,8.746583933270434,8.790327084609885,8.743808522660002,16397500.0
2025-09-16 00:00:00-04:00,8.72025631635617,8.738272739033919,8.832029049805081,8.79766864668569,18740600.0
2025-09-17 00:00:00-04:00,8.899316262663762,8.900364863752923,8.983132602967721,8.916909051522335,23790400.0
2025-09-18 00:00:00-04:00,8.88295943923444,8.850526508532072,8.875564800355727,8.83442959433774,14101250.0
2025-09-19 00:00:00-04:00,8.795348262632645,8.671524034982491,8.806232250644499,8.68801190373127,25879450.0
2025-09-22 00:00:00-04:00,8.677215189873417,8.615980371977281,8.689374555465106,8.617631865716563,22220900.0
2025-09-23 00:00:00-04:00,8.638799283620509,8.640981038799895,8.678562437264578,8.670170154976375,23438300.0
2025-09-24 00:00:00-04:00,8.639421953130652,8.636204877740187,8.631181128064894,8.621798341420964,22121150.0
2025-09-25 00:00:00-04:00,8.511864123610525,8.422551753669044,8.53614183295828,8.402388746205757,24517700.0
2025-09-26 00:00:00-04:00,8.387824167157575,8.227025394185366,8.403747779904688,8.283325016212007,28138350.0
2025-09-29 00:00:00-04:00,8.285209988936838,8.253333019234283,8.328117502080538,8.29317626953125,28504950.0
2025-09-30 00:00:00-04:00,8.40224927471461,8.374234926779552,8.414148410016828,8.389662737357321,24098300.0
2025-10-01 00:00:00-04:00,8.277248978196562,8.225114946317367,8.275950953687687,8.297133536363061,29957700.0
2025-10-02 00:00:00-04:00,8.222630531902059,8.228263642399655,8.434949476321544,8.342111891092499,37202200.0
2025-10-03 00:00:00-04:00,8.241864297850986,8.148805652591403,8.264808225284948,8.217831132504893,30993750.0
2025-10-06 00:00:00-04:00,8.22903925185818,8.253502070632578,8.233538394680805,8.27008609908256,25603850.0
2025-10-07 00:00:00-04:00,8.335455983409322,8.348942373272319,8.487776049297079,8.441115808197125,29802950.0
2025-10-08 00:00:00-04:00,8.36484337933236,8.299711647522976,8.36720890275244,8.355026398543224,43754000.0
2025-10-09 00:00:00-04:00,8.06440481860484,8.052211726157566,8.475355639643444,8.173339301245736,72188250.0
2025-10-10 00:00:00-04:00,8.081354710735983,8.050217338230299,8.142602356153489,8.125027352798282,45604900.0
2025-10-13 00:00:00-04:00,8.020877950894752,7.986087612116038,8.063116612457238,8.000211802073222,38172400.0
2025-10-14 00:00:00-04:00,8.223743806301309,8.09098642537589,8.256499674829774,8.136538776765136,38115550.0
2025-10-15 00:00:00-04:00,8.082303511534686,8.009915533729417,8.110291252388812,8.015518311019763,31135600.0
2025-10-16 00:00:00-04:00,8.132016763096823,8.058274012531726,8.133333206176758,8.062843745587534,41237200.0
2025-10-17 00:00:00-04:00,8.195213003536507,8.176167884991,8.39625092093591,8.278143782502353,74258800.0
2025-10-20 00:00:00-04:00,8.321817968486734,8.431945899092927,8.376540601436535,8.448239387755494,35228250.0
2025-10-21 00:00:00-04:00,8.553662763699714,8.569634321178505,8.673516092939797,8.614751823414801,67748350.0
2025-10-22 00:00:00-04:00,8.521947546780842,8.5762518028615,8.524260699662037,8.597994293428627,36897050.0
2025-10-23 00:00:00-04:00,8.529963797909764,8.519055250709442,8.572560778657731,8.57378917900428,19130550.0
2025-10-24 00:00:00-04:00,8.586887342163445,8.577832715682934,8.595118527533822,8.5819498660867,18638900.0
2025-10-27 00:00:00-04:00,8.636955884097125,8.629586263050566,8.761150831023093,8.655896145230559,33285850.0
2025-10-28 00:00:00-04:00,8.54131237831422,8.513166839710438,8.52758700025591,8.533489423238331,23519800.0
2025-10-29 00:00:00-04:00,8.431797276685543,8.422394131512604,8.437076112603659,8.396946653800997,23121750.0
2025-10-30 00:00:00-04:00,8.358287403551826,8.333933321252886,8.371612134486913,8.347541804444717,22573000.0
2025-10-31 00:00:00-04:00,8.328911983664039,8.325696312913479,8.32763739081309,8.364462830189971,16194400.0
2025-11-03 00:00:00-05:00,8.336949235301907,8.359783391241745,8.437557322261254,8.427331191140139,12600500.0
2025-11-04 00:00:00-05:00,8.44516736186214,8.419429138966423,8.50129449347396,8.477304471112417,19109600.0
2025-11-05 00:00:00-05:00,8.424695343938057,8.383192473817623,8.411764861172294,8.396563504089023,12267900.0
2025-11-06 00:00:00-05:00,8.409528285508511,8.386787696550314,8.434320028915474,8.405740843565788,11424500.0
2025-11-07 00:00:00-05:00,8.358473389713785,8.374859083460109,8.421512929509635,8.385929255776157,13776750.0
2025-11-10 00:00:00-05:00,8.322559395945154,8.25506894439665,8.326594373588293,8.26337622444782,17110000.0
2025-11-11 00:00:00-05:00,8.210458535195777,8.184165181645824,8.264693151932203,8.178040664754308,15223450.0
2025-11-12 00:00:00-05:00,8.06942716851778,7.9560571947656715,8.092130675633415,7.988203490732228,33881700.0
2025-11-13 00:00:00-05:00,8.02008699942665,8.016935302668902,8.074772269598665,8.074019609893694,27598150.0
2025-11-14 00:00:00-05:00,8.146602389949068,8.096767707553918,8.169383307994446,8.180156634992063,23495750.0
2025-11-17 00:00:00-05:00,8.165029411306708,8.116299288327216,8.198442330561885,8.1735206491982,18438600.0
2025-11-18 00:00:00-05:00,8.171571730988573,8.086563730622894,8.151348845654537,8.120390856708216,14364100.0
2025-11-19 00:00:00-05:00,8.0722223277332,8.003579230057566,8.164368789480218,8.072335528447253,20888750.0
2025-11-20 00:00:00-05:00,8.112624776517363,8.097984720926755,8.165349113480792,8.188073746149472,19483450.0
2025-11-21 00:00:00-05:00,8.330289222010785,8.209575728463959,8.331993217747547,8.262030801702013,19773250.0
2025-11-24 00:00:00-05:00,8.255450476601943,8.153516375553352,8.249338567160704,8.15354929226037,15786050.0
2025-11-25 00:00:00-05:00,8.168851041846697,8.178746745130185,8.224058897530114,8.143989746825717,17234700.0
2025-11-26 00:00:00-05:00,8.054533639766964,7.921155680824246,8.069140596872677,7.9157021289005085,17732200.0
2025-11-28 00:00:00-05:00,7.770888367530697,7.567778360361732,7.765025736510452,7.574302124922734,24262700.0
2025-12-01 00:00:00-05:00,7.513175086380988,7.321964163007102,7.5190853123291665,7.42098241818248,38436600.0
