Date,Close,High,Low,Open,Volume,Dividends,Stock Splits,Capital Gains
2023-12-04 00:00:00-05:00,85.53620910644531,85.73014697158187,85.04673882295131,85.41614730001744,33766300,0.0,0.0,0.0
2023-12-05 00:00:00-05:00,87.3740005493164,87.38323769814694,86.41354140146355,86.46895020268657,73588600,0.0,0.0,0.0
2023-12-06 00:00:00-05:00,88.53763580322266,88.70386925485037,87.61411819326432,87.80805604584995,61606100,0.0,0.0,0.0
2023-12-07 00:00:00-05:00,88.02970886230469,88.73158430293932,87.78959228205686,87.90041694506687,47970200,0.0,0.0,0.0
2023-12-08 00:00:00-05:00,87.30935668945312,87.47559014298191,86.72754312504252,87.19853203847384,44809200,0.0,0.0,0.0
2023-12-11 00:00:00-05:00,87.12464904785156,87.21700644672441,86.37660202896745,86.81989358756415,33909700,0.0,0.0,0.0
2023-12-12 00:00:00-05:00,87.38323211669922,87.4571081649845,86.71829836097407,86.94917774582977,36996900,0.0,0.0,0.0
2023-12-13 00:00:00-05:00,89.43345642089844,89.56275538940015,87.75265438095222,87.89118345401158,70828500,0.0,0.0,0.0
2023-12-14 00:00:00-05:00,91.7598876953125,91.7598876953125,90.25896616140368,90.48132961955606,87798600,0.311,0.0,0.0
2023-12-15 00:00:00-05:00,91.86178588867188,92.04708166834986,91.33368514115061,91.43559994054777,59941300,0.0,0.0,0.0
2023-12-18 00:00:00-05:00,91.12985229492188,91.25956074979045,90.81484099839771,91.25956074979045,34746000,0.0,0.0,0.0
2023-12-19 00:00:00-05:00,91.62088775634766,91.96369269439361,91.40779833509824,91.59309409866994,30018400,0.0,0.0,0.0
2023-12-20 00:00:00-05:00,92.24163055419922,92.36207915468833,91.33367147363424,91.82471157802263,51229400,0.0,0.0,0.0
2023-12-21 00:00:00-05:00,91.657958984375,92.50106399585005,91.4911899503299,92.40841610328745,65231200,0.0,0.0,0.0
2023-12-22 00:00:00-05:00,91.24104309082031,92.07488122131856,91.0186796586782,92.07488122131856,29244200,0.0,0.0,0.0
2023-12-26 00:00:00-05:00,91.5004653930664,91.6023802049637,91.24104844226669,91.29663576927183,24019700,0.0,0.0,0.0
2023-12-27 00:00:00-05:00,93.121826171875,93.14035292423868,92.18606613442324,92.44548307900433,45082800,0.0,0.0,0.0
2023-12-28 00:00:00-05:00,92.44548034667969,93.17741074359002,92.24165073379562,92.7326909456083,36213000,0.0,0.0,0.0
2023-12-29 00:00:00-05:00,91.61161804199219,92.48252365498433,91.53750397998142,91.84324127365349,41616200,0.0,0.0,0.0
2024-01-02 00:00:00-05:00,91.08353424072266,91.3985455698374,90.79632364216796,91.00942016497335,47797400,0.0,0.0,0.0
2024-01-03 00:00:00-05:00,91.46339416503906,91.58383571571488,90.00880037299012,90.22188981407665,58159500,0.0,0.0,0.0
2024-01-04 00:00:00-05:00,90.07365417480469,90.46277955382777,89.93467880555903,90.25894995474495,52604500,0.0,0.0,0.0
2024-01-05 00:00:00-05:00,89.21202087402344,90.49984570926237,89.13789973004015,89.40658357554356,45894800,0.0,0.0,0.0
2024-01-08 00:00:00-05:00,90.0921859741211,90.22189444106431,89.02671750830362,89.15643304382813,39485800,0.0,0.0,0.0
2024-01-09 00:00:00-05:00,89.51775360107422,90.02732049510513,89.48995287427506,89.53628035035989,34374000,0.0,0.0,0.0
2024-01-10 00:00:00-05:00,89.10083770751953,89.91615614089994,89.05451729472007,89.79570751674262,48227800,0.0,0.0,0.0
2024-01-11 00:00:00-05:00,89.60113525390625,89.71231695620308,88.67464227384073,89.10082819644121,78858900,0.0,0.0,0.0
2024-01-12 00:00:00-05:00,89.42511749267578,90.1199873688894,89.19349420060458,89.66600769563277,38883900,0.0,0.0,0.0
2024-01-16 00:00:00-05:00,87.85005950927734,88.74875878408332,87.56284896236909,88.59125668213879,61716700,0.0,0.0,0.0
2024-01-17 00:00:00-05:00,87.71111297607422,88.01685744048517,87.2386065149836,87.64625873228242,55506800,0.0,0.0,0.0
2024-01-18 00:00:00-05:00,86.89578247070312,87.62771281548635,86.6363655522647,87.5165311067638,77339100,0.0,0.0,0.0
2024-01-19 00:00:00-05:00,87.17372131347656,87.24784244852141,86.40473751027297,86.82165652488432,47030900,0.0,0.0,0.0
2024-01-22 00:00:00-05:00,87.69258117675781,88.09097352815516,87.45169096999656,87.85008332139392,35756400,0.0,0.0,0.0
2024-01-23 00:00:00-05:00,86.9977035522461,87.08108453837353,86.56225066403016,86.98843664203814,35786700,0.0,0.0,0.0
2024-01-24 00:00:00-05:00,86.4881362915039,87.59066542939242,86.25651299823872,87.5628717651737,54574900,0.0,0.0,0.0
2024-01-25 00:00:00-05:00,87.05329895019531,87.29418915787414,86.6919671729681,87.09035952588299,57019400,0.0,0.0,0.0
2024-01-26 00:00:00-05:00,86.88652801513672,87.155211881626,86.61784414864744,87.02550340381488,29276900,0.0,0.0,0.0
2024-01-29 00:00:00-05:00,87.88712310791016,88.17433366473054,87.20152029392908,87.37754915040915,38243600,0.0,0.0,0.0
2024-01-30 00:00:00-05:00,88.68391418457031,88.79508882455686,87.77594790272188,88.46155783601634,40151400,0.0,0.0,0.0
2024-01-31 00:00:00-05:00,89.5548095703125,89.78643280168379,88.94332084657387,89.14715042115341,80646700,0.0,0.0,0.0
2024-02-01 00:00:00-05:00,91.3115234375,91.7111975396782,90.33557999589543,90.54935504396528,84291200,0.31,0.0,0.0
2024-02-02 00:00:00-05:00,89.2945785522461,89.80579215550594,88.9413809390187,89.48047053998161,63823300,0.0,0.0,0.0
2024-02-05 00:00:00-05:00,87.49137878417969,88.16060115073321,87.38913608421605,87.95611575080594,53827400,0.0,0.0,0.0
2024-02-06 00:00:00-05:00,88.34651184082031,88.43945782813599,87.56574994645527,87.59363303351755,33411500,0.0,0.0,0.0
2024-02-07 00:00:00-05:00,87.9189453125,88.51381521719748,87.85388241389117,87.90035895203638,40120200,0.0,0.0,0.0
2024-02-08 00:00:00-05:00,87.40774536132812,87.6494106133037,87.05454775561354,87.3891519081552,50087700,0.0,0.0,0.0
2024-02-09 00:00:00-05:00,87.23113250732422,87.3798517494984,87.05453727139708,87.14748325209406,27951300,0.0,0.0,0.0
2024-02-12 00:00:00-05:00,87.33338928222656,87.50069491096228,86.90583202908523,87.27762310308962,27890300,0.0,0.0,0.0
2024-02-13 00:00:00-05:00,85.83692932128906,86.49685506291361,85.81834295999059,86.31096308463113,49768500,0.0,0.0,0.0
2024-02-14 00:00:00-05:00,86.27378845214844,86.48757062220461,85.725402119353,85.79046502479187,44191600,0.0,0.0,0.0
2024-02-15 00:00:00-05:00,86.71993255615234,87.11030995908169,86.44108750187465,86.96159070578044,49598500,0.0,0.0,0.0
2024-02-16 00:00:00-05:00,86.21800994873047,86.30165920462642,85.82762548057784,85.95775836417793,33116800,0.0,0.0,0.0
2024-02-20 00:00:00-05:00,86.29236602783203,86.61768761322527,86.18083368205069,86.24589658086451,24469300,0.0,0.0,0.0
2024-02-21 00:00:00-05:00,85.67891693115234,86.34813937175466,85.5209080469335,86.28307647288077,36343100,0.0,0.0,0.0
2024-02-22 00:00:00-05:00,86.09716033935547,86.21799647853601,85.76254918540167,85.81832243860912,45190700,0.0,0.0,0.0
2024-02-23 00:00:00-05:00,87.24974822998047,87.3705773265975,86.20873454299912,86.20873454299912,38406700,0.0,0.0,0.0
2024-02-26 00:00:00-05:00,86.9894790649414,87.39844994498124,86.6176950918049,87.37056685612848,27855000,0.0,0.0,0.0
2024-02-27 00:00:00-05:00,86.37602233886719,86.87793916862535,86.30166271416432,86.66415702043564,30242000,0.0,0.0,0.0
2024-02-28 00:00:00-05:00,86.9244155883789,86.99877521904666,86.34814617901546,86.51545180235557,34574200,0.0,0.0,0.0
2024-02-29 00:00:00-05:00,87.53787231445312,87.64941176097726,87.16608125069742,87.20326106620546,51038600,0.0,0.0,0.0
2024-03-01 00:00:00-05:00,88.08331298828125,88.12060962336842,86.72201781882563,87.12294775400547,45832800,0.295,0.0,0.0
2024-03-04 00:00:00-05:00,87.72899627685547,87.79427072179948,87.34671822576067,87.36536298602638,23864200,0.0,0.0,0.0
2024-03-05 00:00:00-05:00,88.97840881347656,89.21150744212828,88.54950819039009,88.79193275599744,37721900,0.0,0.0,0.0
2024-03-06 00:00:00-05:00,89.50056457519531,89.66839590445322,88.95978105968159,89.03436722876857,40571600,0.0,0.0,0.0
2024-03-07 00:00:00-05:00,89.41664123535156,89.88283852321722,89.02503722080989,89.84554188655522,39075000,0.0,0.0,0.0
2024-03-08 00:00:00-05:00,89.25814819335938,89.5565142142604,89.02504951723023,89.32341553813126,25023200,0.0,0.0,0.0
2024-03-11 00:00:00-04:00,89.21150970458984,89.51920160947873,88.92246967408528,89.47257903712377,17787900,0.0,0.0,0.0
2024-03-12 00:00:00-04:00,88.46558380126953,88.77327568032561,88.28843369112633,88.61477032939558,29566000,0.0,0.0,0.0
2024-03-13 00:00:00-04:00,88.03669738769531,88.33506337841463,87.84089537318634,88.11129066377673,38270100,0.0,0.0,0.0
2024-03-14 00:00:00-04:00,86.6847152709961,87.41198182157476,86.5821513099037,87.39333706210581,58365600,0.0,0.0,0.0
2024-03-15 00:00:00-04:00,86.65676879882812,86.88986748217887,86.51690816609621,86.76865161412782,34997700,0.0,0.0,0.0
2024-03-18 00:00:00-04:00,86.39570617675781,86.70339105653214,86.24651959319998,86.46097352866241,29519500,0.0,0.0,0.0
2024-03-19 00:00:00-04:00,86.63809967041016,86.96443633940429,86.42365290804509,86.57283233661133,26953100,0.0,0.0,0.0
2024-03-20 00:00:00-04:00,86.6101303100586,87.4492868387248,86.05069499548311,86.8059323144797,43460100,0.0,0.0,0.0
2024-03-21 00:00:00-04:00,86.79659271240234,87.11361051270318,86.46093726738506,86.9644239917134,34276600,0.0,0.0,0.0
2024-03-22 00:00:00-04:00,87.6264419555664,87.84088871604041,87.43995877949575,87.82224395523625,30262300,0.0,0.0,0.0
2024-03-25 00:00:00-04:00,87.188232421875,87.412005163283,86.99243038394211,87.37470852078046,24011800,0.0,0.0,0.0
2024-03-26 00:00:00-04:00,87.43062591552734,87.52387105297815,86.9737546191604,87.18820847624993,34423000,0.0,0.0,0.0
2024-03-27 00:00:00-04:00,88.29776763916016,88.29776763916016,87.5891528499927,87.63576831281333,50157800,0.0,0.0,0.0
2024-03-28 00:00:00-04:00,88.22318267822266,88.59613484029592,87.94346144306121,88.10196682330299,34540400,0.0,0.0,0.0
2024-04-01 00:00:00-04:00,86.57860565185547,87.28021507484574,86.49440880978378,87.27085828413996,48945400,0.312,0.0,0.0
2024-04-02 00:00:00-04:00,86.10151672363281,86.25118970222344,85.44667692301913,85.6618403050978,43086300,0.0,0.0,0.0
2024-04-03 00:00:00-04:00,86.08279418945312,86.11086456108947,85.17538534646445,85.3718351250789,45494400,0.0,0.0,0.0
2024-04-04 00:00:00-04:00,86.70021057128906,86.77505061850195,86.1015044678654,86.65343375749607,47957400,0.0,0.0,0.0
2024-04-05 00:00:00-04:00,85.4934310913086,86.23246040835394,85.48407430226935,85.77407766537503,42495900,0.0,0.0,0.0
2024-04-08 00:00:00-04:00,85.48410034179688,85.68055014862891,85.25023050454811,85.34378414916044,37879800,0.0,0.0,0.0
2024-04-09 00:00:00-04:00,86.27924346923828,86.4008531870063,85.91440004165544,85.94247041080749,32522000,0.0,0.0,0.0
2024-04-10 00:00:00-04:00,84.39892578125,85.40924492500415,84.23989604671624,85.3156913050298,74368900,0.0,0.0,0.0
2024-04-11 00:00:00-04:00,84.01539611816406,84.60475266225413,83.73475660220102,84.54861904934883,65751200,0.0,0.0,0.0
2024-04-12 00:00:00-04:00,84.46440887451172,85.08182136977724,84.455052085104,84.79182513239034,47900100,0.0,0.0,0.0
2024-04-15 00:00:00-04:00,83.15475463867188,83.50088455001088,82.80862472733287,83.46346452144931,55993100,0.0,0.0,0.0
2024-04-16 00:00:00-04:00,82.60282135009766,82.8647544004391,82.12572493003842,82.36895153555847,45103200,0.0,0.0,0.0
2024-04-17 00:00:00-04:00,83.51958465576172,83.6131311514942,82.75249197133114,83.1360418821165,57947000,0.0,0.0,0.0
2024-04-18 00:00:00-04:00,83.09864044189453,83.51024654260361,82.87412023735315,83.48218330132137,43839500,0.0,0.0,0.0
2024-04-19 00:00:00-04:00,83.3979721069336,83.6224851165331,83.1734590973341,83.6224851165331,44826800,0.0,0.0,0.0
2024-04-22 00:00:00-04:00,83.25764465332031,83.36990472109952,82.93022837705539,82.9582916097153,24969000,0.0,0.0,0.0
2024-04-23 00:00:00-04:00,83.28571319580078,83.76280959285492,82.83668717033571,83.00507371417011,27222700,0.0,0.0,0.0
2024-04-24 00:00:00-04:00,82.69635009765625,82.91150628405029,81.85441751860851,82.84602303552096,48986800,0.0,0.0,0.0
2024-04-25 00:00:00-04:00,82.11636352539062,82.22862359943268,81.70475039104302,81.81701046508508,49282600,0.0,0.0,0.0
2024-04-26 00:00:00-04:00,82.54667663574219,82.89280648406331,82.36894045385999,82.55603342546421,31589800,0.0,0.0,0.0
2024-04-29 00:00:00-04:00,83.23893737792969,83.27635026300896,82.77119780590458,82.93958433731919,39228600,0.0,0.0,0.0
2024-04-30 00:00:00-04:00,82.5279769897461,83.00507338490769,82.41571691525513,82.71506997675772,41054700,0.0,0.0,0.0
2024-05-01 00:00:00-04:00,83.13628387451172,83.74647710920078,82.83588204296174,83.17383499872355,59679500,0.308,0.0,0.0
2024-05-02 00:00:00-04:00,83.49302673339844,83.55873941870153,82.63875466231272,82.80773116197004,58925400,0.0,0.0,0.0
2024-05-03 00:00:00-04:00,84.33790588378906,84.60076379903492,83.80281480436524,84.42239771851169,50066100,0.0,0.0,0.0
2024-05-06 00:00:00-04:00,84.66648864746094,84.72281177060148,84.17833103975327,84.36608672046655,23868200,0.0,0.0,0.0
2024-05-07 00:00:00-04:00,85.18278503417969,85.65216340667021,85.06074923570456,85.33298955120652,30525800,0.0,0.0,0.0
2024-05-08 00:00:00-04:00,84.66648864746094,84.91994986374026,84.63832708589067,84.77913489374203,31171700,0.0,0.0,0.0
2024-05-09 00:00:00-04:00,85.07952880859375,85.21095419164297,84.31913806921669,84.36607877551121,39606700,0.0,0.0,0.0
2024-05-10 00:00:00-04:00,84.60074615478516,84.84481771053419,84.45054166311402,84.75094348431192,21913800,0.0,0.0,0.0
2024-05-13 00:00:00-04:00,84.816650390625,85.06072909191896,84.77909927026101,85.00440599244493,23157500,0.0,0.0,0.0
2024-05-14 00:00:00-04:00,85.29542541503906,85.35174851926249,84.88237021834863,85.09828738811257,25746400,0.0,0.0,0.0
2024-05-15 00:00:00-04:00,86.4594955444336,86.60970006278791,86.01827872444984,86.24358550198131,65142900,0.0,0.0,0.0
2024-05-16 00:00:00-04:00,86.37500762939453,86.75989415946256,86.30929494561973,86.73173260386555,37902400,0.0,0.0,0.0
2024-05-17 00:00:00-04:00,85.79295349121094,86.17784708295507,85.74601280270534,86.02764260945195,24755000,0.0,0.0,0.0
2024-05-20 00:00:00-04:00,85.53951263427734,85.72726110843574,85.43624882484667,85.50196150701662,17922800,0.0,0.0,0.0
2024-05-21 00:00:00-04:00,85.98072814941406,86.1497046525797,85.83053079223666,86.11216068489462,15334400,0.0,0.0,0.0
2024-05-22 00:00:00-04:00,86.083984375,86.159086628039,85.67093630757557,85.68031871759665,38073700,0.0,0.0,0.0
2024-05-23 00:00:00-04:00,85.53012084960938,86.17786524434815,85.2578805556198,86.17786524434815,51294700,0.0,0.0,0.0
2024-05-24 00:00:00-04:00,85.7835922241211,85.86808405887932,85.3329929792301,85.39870566753278,19164400,0.0,0.0,0.0
2024-05-28 00:00:00-04:00,84.5538101196289,85.76480704241355,84.516258994642,85.73664548920956,45973700,0.0,0.0,0.0
2024-05-29 00:00:00-04:00,83.53057098388672,83.92484706323746,83.24894112026763,83.86851679322669,45508400,0.0,0.0,0.0
2024-05-30 00:00:00-04:00,84.33790588378906,84.4599488492611,83.9624089005867,84.11260626143847,29548600,0.0,0.0,0.0
2024-05-31 00:00:00-04:00,84.9105224609375,85.10766762839363,84.72277402601433,84.93869117210531,41308800,0.0,0.0,0.0
2024-06-03 00:00:00-04:00,86.2839126586914,86.34984986016477,85.35137018453499,85.379627958507,42272100,0.308,0.0,0.0
2024-06-04 00:00:00-04:00,87.29183197021484,87.4142919314753,86.65129594397166,86.84910758914151,42581500,0.0,0.0,0.0
2024-06-05 00:00:00-04:00,87.93238067626953,87.93238067626953,87.02809565940237,87.60269455344584,43153900,0.0,0.0,0.0
2024-06-06 00:00:00-04:00,87.80049133300781,88.00772462837658,87.47080526611079,87.52732082425963,22891900,0.0,0.0,0.0
2024-06-07 00:00:00-04:00,86.18971252441406,86.50056239273246,86.09551755460667,86.50056239273246,35240500,0.0,0.0,0.0
2024-06-10 00:00:00-04:00,85.6151351928711,85.77526740009445,85.38906577169593,85.71875184145499,20586500,0.0,0.0,0.0
2024-06-11 00:00:00-04:00,86.50057220458984,86.53825163410993,85.64338135289465,85.7469979874208,30329200,0.0,0.0,0.0
2024-06-12 00:00:00-04:00,87.1505126953125,88.13957784460521,87.12225492303823,87.62149473085846,42554600,0.0,0.0,0.0
2024-06-13 00:00:00-04:00,88.43161010742188,88.53522676028489,87.55558297924581,87.80991737686143,33093800,0.0,0.0,0.0
2024-06-14 00:00:00-04:00,89.17576599121094,89.33589821077376,88.77072102097577,88.94027489657695,28776700,0.0,0.0,0.0
2024-06-17 00:00:00-04:00,88.29031372070312,88.3656654000743,87.86642548948224,88.09249490082983,31040200,0.0,0.0,0.0
2024-06-18 00:00:00-04:00,89.10040283203125,89.1098244876166,88.29032011712901,88.44103067340703,26881000,0.0,0.0,0.0
2024-06-20 00:00:00-04:00,88.50697326660156,88.5446527046147,87.92295275732484,87.9888971638113,30246300,0.0,0.0,0.0
2024-06-21 00:00:00-04:00,88.50697326660156,88.99679877415443,88.15844385494349,88.77072214607558,22596400,0.0,0.0,0.0
2024-06-24 00:00:00-04:00,88.86490631103516,88.86490631103516,88.29972918299535,88.59174299533264,56939100,0.0,0.0,0.0
2024-06-25 00:00:00-04:00,89.015625,89.06272608893258,88.5823222909655,88.61058006967816,22890200,0.0,0.0,0.0
2024-06-26 00:00:00-04:00,87.74396514892578,88.04539340024495,87.70628571918384,87.86641790562481,38489100,0.0,0.0,0.0
2024-06-27 00:00:00-04:00,88.09249877929688,88.27147429724441,87.998303785973,88.09249877929688,23140800,0.0,0.0,0.0
2024-06-28 00:00:00-04:00,86.4534912109375,88.32799834880414,86.4534912109375,88.2903260971462,55119600,0.0,0.0,0.0
2024-07-01 00:00:00-04:00,84.96138763427734,86.06698950185962,84.87633745474588,85.44331221687972,49735400,0.291,0.0,0.0
2024-07-02 00:00:00-04:00,85.62285614013672,85.81184532248366,85.12202831838962,85.68900307490567,34204700,0.0,0.0,0.0
2024-07-03 00:00:00-04:00,86.74736785888672,86.83241083458846,86.07643962857512,86.1520381910716,35563300,0.0,0.0,0.0
2024-07-05 00:00:00-04:00,87.46553802490234,87.6261867825877,86.84186786912947,87.19149862588165,34895500,0.0,0.0,0.0
2024-07-08 00:00:00-04:00,87.65453338623047,87.73957636620676,87.14425387794444,87.44664093365363,16095700,0.0,0.0,0.0
2024-07-09 00:00:00-04:00,87.2670669555664,87.5789055301407,86.8134901284344,87.38046476708624,30289800,0.0,0.0,0.0
2024-07-10 00:00:00-04:00,87.5411148071289,87.57891408132623,87.18203251646588,87.36157005706019,23572500,0.0,0.0,0.0
2024-07-11 00:00:00-04:00,88.3915786743164,88.95855335691918,88.32543174817066,88.52387252660792,49761800,0.0,0.0,0.0
2024-07-12 00:00:00-04:00,88.76957702636719,88.76957702636719,88.20259505236157,88.38213982476171,27796500,0.0,0.0,0.0
2024-07-15 00:00:00-04:00,87.74901580810547,88.16480065554018,87.67341725230368,87.88130967602103,37918900,0.0,0.0,0.0
2024-07-16 00:00:00-04:00,88.98692321777344,89.02472250064362,88.24985522549501,88.38214911080263,36383700,0.0,0.0,0.0
2024-07-17 00:00:00-04:00,89.00582885742188,89.20426969071961,88.5333486230531,88.75068549355605,29036800,0.0,0.0,0.0
2024-07-18 00:00:00-04:00,88.325439453125,88.95856111710307,88.24038927810452,88.52388024887298,34553100,0.0,0.0,0.0
2024-07-19 00:00:00-04:00,87.80570983886719,88.03250550296289,87.71121525023148,87.91910767091504,32164700,0.0,0.0,0.0
2024-07-22 00:00:00-04:00,87.55057525634766,88.3726861222466,87.21984058561387,88.25929549769508,36160400,0.0,0.0,0.0
2024-07-23 00:00:00-04:00,87.42771911621094,87.9096508621344,87.39937146224037,87.70175845371743,23498000,0.0,0.0,0.0
2024-07-24 00:00:00-04:00,86.48275756835938,87.73955641166758,86.43551388227584,87.49386473182005,50757100,0.0,0.0,0.0
2024-07-25 00:00:00-04:00,87.19149017333984,87.74902054060296,86.89855476565316,86.96470170317839,44999100,0.0,0.0,0.0
2024-07-26 00:00:00-04:00,87.87187194824219,88.02306908375263,87.60728417057513,87.83407266436457,34423800,0.0,0.0,0.0
2024-07-29 00:00:00-04:00,88.34435272216797,88.53334914271056,88.08921656628083,88.51444589591816,25801300,0.0,0.0,0.0
2024-07-30 00:00:00-04:00,88.68451690673828,88.87351328004925,88.16479310145068,88.59002232482004,28169800,0.0,0.0,0.0
2024-07-31 00:00:00-04:00,89.59169006347656,89.62003772096266,89.05306294281444,89.32710231430576,47445300,0.0,0.0,0.0
2024-08-01 00:00:00-04:00,90.3644027709961,90.93327481581815,90.18426670807708,90.20322573393383,77254200,0.315,0.0,0.0
2024-08-02 00:00:00-04:00,93.1802978515625,93.26563155713454,91.86242484841168,91.96671758105029,91912900,0.0,0.0,0.0
2024-08-05 00:00:00-04:00,93.67330169677734,94.75414687352028,92.82000096947829,94.51711929557652,90686300,0.0,0.0,0.0
2024-08-06 00:00:00-04:00,91.5779800415039,93.30354791324957,91.5779800415039,93.05703718392758,61316900,0.0,0.0,0.0
2024-08-07 00:00:00-04:00,90.93328094482422,91.445254246058,90.54455217022897,90.97119899909345,51337100,0.0,0.0,0.0
2024-08-08 00:00:00-04:00,90.37387084960938,90.44972140742112,89.91877473624618,90.18425168858731,37815800,0.0,0.0,0.0
2024-08-09 00:00:00-04:00,91.26512145996094,91.5305912504665,91.10393717271747,91.50214909198509,32141800,0.0,0.0,0.0
2024-08-12 00:00:00-04:00,91.59695434570312,91.7960566791216,90.90483051033601,91.04704852949462,24261400,0.0,0.0,0.0
2024-08-13 00:00:00-04:00,92.23218536376953,92.30803593741128,91.94775656287628,92.25115162393439,30366900,0.0,0.0,0.0
2024-08-14 00:00:00-04:00,92.81051635742188,93.0665101882734,92.4502370487691,92.48816232865478,31334100,0.0,0.0,0.0
2024-08-15 00:00:00-04:00,92.06151580810547,92.06151580810547,91.2176981544815,91.40732456926156,38723700,0.0,0.0,0.0
2024-08-16 00:00:00-04:00,92.38386535644531,92.478674935033,91.97617765836179,92.38386535644531,28541000,0.0,0.0,0.0
2024-08-19 00:00:00-04:00,92.81051635742188,93.0665101882734,92.35542746580863,92.36490336064942,25322100,0.0,0.0,0.0
2024-08-20 00:00:00-04:00,93.55004119873047,93.73018446974766,93.02858487587638,93.21820404173104,25239300,0.0,0.0,0.0
2024-08-21 00:00:00-04:00,93.60694122314453,94.05254702665925,93.11391977360543,93.55004968142346,29230000,0.0,0.0,0.0
2024-08-22 00:00:00-04:00,92.67778015136719,93.19924370035329,92.37438515018638,93.1328762698921,33453800,0.0,0.0,0.0
2024-08-23 00:00:00-04:00,93.28458404541016,93.55005380678796,92.8768962737204,93.09496485399987,32005100,0.0,0.0,0.0
2024-08-26 00:00:00-04:00,93.04755401611328,93.57849352504138,92.99066970687335,93.56901762917359,23198700,0.0,0.0,0.0
2024-08-27 00:00:00-04:00,92.8863754272461,92.99066814810995,92.35543592721791,92.43127926043039,21507700,0.0,0.0,0.0
2024-08-28 00:00:00-04:00,92.77259826660156,93.10443544943143,92.65882965163593,92.92429939789983,18501400,0.0,0.0,0.0
2024-08-29 00:00:00-04:00,92.4692153930664,92.57350812616677,92.08996974847503,92.31752147533527,24988200,0.0,0.0,0.0
2024-08-30 00:00:00-04:00,91.48316192626953,92.90532739344206,91.46420290278392,92.61141551161552,42896200,0.0,0.0,0.0
2024-09-03 00:00:00-04:00,92.97940063476562,93.27426904598084,92.66550424131458,92.79867108876977,48947900,0.313,0.0,0.0
2024-09-04 00:00:00-04:00,94.17792510986328,94.19694583819904,93.03648546936448,93.10306890411482,40885200,0.0,0.0,0.0
2024-09-05 00:00:00-04:00,94.7105712890625,94.81520341400449,93.95912569041029,94.49179304862513,47450900,0.0,0.0,0.0
2024-09-06 00:00:00-04:00,94.70105743408203,95.86151754361006,94.3491196106356,94.6915507005635,57406400,0.0,0.0,0.0
2024-09-09 00:00:00-04:00,95.11007690429688,95.21470903484568,94.32058981522253,94.5488748013977,26961400,0.0,0.0,0.0
2024-09-10 00:00:00-04:00,95.77591705322266,95.98518131138903,94.94837401148716,94.99593670908816,31703400,0.0,0.0,0.0
2024-09-11 00:00:00-04:00,95.69981384277344,96.29906460818249,95.45250089291724,95.58566772967481,39497100,0.0,0.0,0.0
2024-09-12 00:00:00-04:00,95.25276947021484,95.64276332428796,94.82473416130266,95.46203375707849,41618700,0.0,0.0,0.0
2024-09-13 00:00:00-04:00,95.50959014892578,95.69982643874732,95.13861704678999,95.55714559285653,25722100,0.0,0.0,0.0
2024-09-16 00:00:00-04:00,96.38469696044922,96.42274567308688,95.5095983409327,95.71885537486499,30866300,0.0,0.0,0.0
2024-09-17 00:00:00-04:00,95.9186019897461,96.67956169917547,95.82348384032983,96.51786011946285,31699400,0.0,0.0,0.0
2024-09-18 00:00:00-04:00,94.72960662841797,95.81397675030428,94.68205118241086,95.34788548290723,48897000,0.0,0.0,0.0
2024-09-19 00:00:00-04:00,94.41571044921875,94.46326589169355,93.94961921644193,94.09230005796445,39979800,0.0,0.0,0.0
2024-09-20 00:00:00-04:00,94.05424499511719,94.40619007948753,93.90205742961149,94.15887712136112,37067600,0.0,0.0,0.0
2024-09-23 00:00:00-04:00,93.85449981689453,94.25400036216544,93.23622101661394,93.69279825195854,35703900,0.0,0.0,0.0
2024-09-24 00:00:00-04:00,93.83547973632812,94.06376472704453,93.07452009120813,93.21720093179925,31005400,0.0,0.0,0.0
2024-09-25 00:00:00-04:00,93.05549621582031,93.52158017272862,93.01744750914736,93.46451074124357,36738200,0.0,0.0,0.0
2024-09-26 00:00:00-04:00,93.2742691040039,93.45499865011219,92.66550429895895,93.28378309512775,33332300,0.0,0.0,0.0
2024-09-27 00:00:00-04:00,93.7593765258789,93.94010606326147,93.41694543244277,93.730841810934,28317600,0.0,0.0,0.0
2024-09-30 00:00:00-04:00,93.31231689453125,93.89254697755207,93.10305263415668,93.82596355443734,34175500,0.0,0.0,0.0
2024-10-01 00:00:00-04:00,93.98602294921875,94.78761330213864,93.89059743304978,94.28185151399286,45254200,0.316,0.0,0.0
2024-10-02 00:00:00-04:00,93.19398498535156,93.26078357498707,92.62141732504695,92.90770115519925,35810800,0.0,0.0,0.0
2024-10-03 00:00:00-04:00,92.31605529785156,93.05084709613325,92.31605529785156,92.88861570242786,39677800,0.0,0.0,0.0
2024-10-04 00:00:00-04:00,91.18048858642578,91.5717354455304,91.03734665046018,91.0755183187511,56954100,0.0,0.0,0.0
2024-10-07 00:00:00-04:00,90.49340057373047,90.9132743057238,90.4266019836065,90.63654248985331,42606600,0.0,0.0,0.0
2024-10-08 00:00:00-04:00,90.64608764648438,90.68425931272688,90.0258108109204,90.07352721384875,33709600,0.0,0.0,0.0
2024-10-09 00:00:00-04:00,90.13078308105469,90.56975361237309,89.92084983279506,90.34072360981538,35807700,0.0,0.0,0.0
2024-10-10 00:00:00-04:00,89.7777099609375,89.78724741755373,89.13835090359024,89.5868516210942,53667400,0.0,0.0,0.0
2024-10-11 00:00:00-04:00,89.4150619506836,89.76814433686371,89.14786761757412,89.20512874645439,27406400,0.0,0.0,0.0
2024-10-14 00:00:00-04:00,89.48187255859375,89.49141729477302,88.72800585194385,88.78525970801839,28795300,0.0,0.0,0.0
2024-10-15 00:00:00-04:00,90.56975555419922,90.65563634662385,90.05444895814773,90.14032975057236,46429100,0.0,0.0,0.0
2024-10-16 00:00:00-04:00,90.95144653320312,91.24727510315978,90.78922242482386,91.02778985967583,32281500,0.0,0.0,0.0
2024-10-17 00:00:00-04:00,89.51050567626953,90.1212377352901,89.38644594895257,89.97809581634769,43427200,0.0,0.0,0.0
2024-10-18 00:00:00-04:00,89.57732391357422,89.96857081195694,89.56777917541795,89.74909279787694,25258600,0.0,0.0,0.0
2024-10-21 00:00:00-04:00,88.0123062133789,88.83297153731286,88.0123062133789,88.7661729430217,49504700,0.0,0.0,0.0
2024-10-22 00:00:00-04:00,88.09819030761719,88.51807136206868,87.87870504356272,88.4131010984558,32096900,0.0,0.0,0.0
2024-10-23 00:00:00-04:00,87.85962677001953,88.14591064364475,87.4683799085998,87.64014149617334,33354200,0.0,0.0,0.0
2024-10-24 00:00:00-04:00,88.42263793945312,88.74708615764736,87.75464475061148,88.01230165847194,32507400,0.0,0.0,0.0
2024-10-25 00:00:00-04:00,87.92643737792969,88.7852818355966,87.81192235673998,88.73756542330865,28667100,0.0,0.0,0.0
2024-10-28 00:00:00-04:00,87.68785858154297,88.06956798916782,87.23935057362137,88.05047851451081,33156500,0.0,0.0,0.0
2024-10-29 00:00:00-04:00,87.82144165039062,87.85006857726825,86.8194628071724,87.00076910423081,46545200,0.0,0.0,0.0
2024-10-30 00:00:00-04:00,88.07909393310547,89.02381887301293,87.94549676101754,88.59439315087329,41951100,0.0,0.0,0.0
2024-10-31 00:00:00-04:00,88.22225189208984,88.68984939856277,87.6687808672778,87.98368441019613,52173800,0.0,0.0,0.0
2024-11-01 00:00:00-04:00,86.97846221923828,88.58704708232563,86.94016901506436,88.3381047298191,80402000,0.311,0.0,0.0
2024-11-04 00:00:00-05:00,88.32852935791016,88.63492613231453,87.73488241153123,88.35725291409254,49747600,0.0,0.0,0.0
2024-11-05 00:00:00-05:00,88.79769134521484,88.95089337378253,87.70615245943186,88.11787377986403,46986000,0.0,0.0,0.0
2024-11-06 00:00:00-05:00,86.36568450927734,86.86358391568872,85.74332120887793,85.82949189167421,98895700,0.0,0.0,0.0
2024-11-07 00:00:00-05:00,87.44764709472656,87.72532033692242,86.79655297976839,86.89230061033484,56221400,0.0,0.0,0.0
2024-11-08 00:00:00-05:00,88.55831146240234,88.66363602222033,87.93594105577084,88.08914307189671,56756200,0.0,0.0,0.0
2024-11-11 00:00:00-05:00,88.12745666503906,88.3764063256817,87.72531227059154,88.32852886226283,22369200,0.0,0.0,0.0
2024-11-12 00:00:00-05:00,86.80611419677734,87.94552321257727,86.6624891244283,87.48593174714989,57908400,0.0,0.0,0.0
2024-11-13 00:00:00-05:00,85.98267364501953,87.64870553120217,85.90607263057842,87.62955162505449,49009100,0.0,0.0,0.0
2024-11-14 00:00:00-05:00,86.48058319091797,87.16040089571953,86.43270572090078,86.71037897583263,53328300,0.0,0.0,0.0
2024-11-15 00:00:00-05:00,86.25077056884766,86.79654001715208,85.70500112054322,86.09756853876051,73722400,0.0,0.0,0.0
2024-11-18 00:00:00-05:00,86.40396881103516,86.73908913414867,85.61882663756558,85.8486296920507,36010600,0.0,0.0,0.0
2024-11-19 00:00:00-05:00,86.84441375732422,87.19868798771755,86.76782004419404,86.95931528463223,29585100,0.0,0.0,0.0
2024-11-20 00:00:00-05:00,86.56672668457031,86.96887097421099,86.27947658907077,86.31777708880894,27755400,0.0,0.0,0.0
2024-11-21 00:00:00-05:00,86.49972534179688,86.98804775153735,86.17418193868716,86.60504992635023,28365700,0.0,0.0,0.0
2024-11-22 00:00:00-05:00,86.5475845336914,86.84440431562298,86.31778880913387,86.66248604850735,21547500,0.0,0.0,0.0
2024-11-25 00:00:00-05:00,88.78812408447266,88.83599424088104,88.07957564090863,88.28064783000383,56858000,0.0,0.0,0.0
2024-11-26 00:00:00-05:00,88.44340515136719,88.51042919798105,87.907205473383,88.24233301152557,31122200,0.0,0.0,0.0
2024-11-27 00:00:00-05:00,89.05622100830078,89.41048792767984,88.73067033892336,89.08494456337746,39442200,0.0,0.0,0.0
2024-11-29 00:00:00-05:00,89.97541046142578,89.99455706294093,89.46794151291219,89.7934848741945,31905700,0.0,0.0,0.0
2024-12-02 00:00:00-05:00,90.19159698486328,90.46062368476414,89.3556863126618,89.61510282172968,39406000,0.325,0.0,0.0
2024-12-03 00:00:00-05:00,89.41333770751953,90.34532834795368,89.34608102885048,90.2492484256305,32768900,0.0,0.0,0.0
2024-12-04 00:00:00-05:00,90.37413787841797,90.49904835586983,88.91370422159544,88.9809608900591,35851100,0.0,0.0,0.0
2024-12-05 00:00:00-05:00,90.55670928955078,90.6912226479498,89.98983261207322,90.04747909983615,23695800,0.0,0.0,0.0
2024-12-06 00:00:00-05:00,90.69121551513672,91.13318899089087,90.33571176422618,91.00828583375198,31761500,0.0,0.0,0.0
2024-12-09 00:00:00-05:00,89.85530090332031,90.35492817075193,89.80726461288515,90.30688454988942,30509600,0.0,0.0,0.0
2024-12-10 00:00:00-05:00,89.43255615234375,89.64393637513133,89.26921955489082,89.37490233585658,28706500,0.0,0.0,0.0
2024-12-11 00:00:00-05:00,88.58702850341797,89.63431934631176,88.50055878092552,89.42293913964912,38748400,0.0,0.0,0.0
2024-12-12 00:00:00-05:00,87.51092529296875,88.15466879901035,87.43405842735632,88.04897869140021,45368400,0.0,0.0,0.0
2024-12-13 00:00:00-05:00,86.61736297607422,87.28992968402521,86.55010630527912,87.24189339370147,39486000,0.0,0.0,0.0
2024-12-16 00:00:00-05:00,86.87678527832031,87.06895244374715,86.52128885052934,87.00169576845471,23482300,0.0,0.0,0.0
2024-12-17 00:00:00-05:00,87.08816528320312,87.42444865884718,86.91521849995364,86.97286498422753,23839900,0.0,0.0,0.0
2024-12-18 00:00:00-05:00,85.99919891357422,87.16630240927572,85.97990381110867,86.78048130814433,61328400,0.351,0.0,0.0
2024-12-19 00:00:00-05:00,84.69703674316406,85.25647687255436,84.40767648787275,84.9478215182225,99083300,0.0,0.0,0.0
2024-12-20 00:00:00-05:00,85.17930603027344,85.75804122361868,85.16001829132631,85.3915079533102,45542400,0.0,0.0,0.0
2024-12-23 00:00:00-05:00,84.39803314208984,85.1021571136592,84.34016255993396,85.03463898150251,32764600,0.0,0.0,0.0
2024-12-24 00:00:00-05:00,84.75492858886719,84.77421633214857,83.89648051380186,83.95435110257132,22377600,0.0,0.0,0.0
2024-12-26 00:00:00-05:00,84.7066879272461,84.84172419062762,84.10866493303907,84.1183124829733,19981800,0.0,0.0,0.0
2024-12-27 00:00:00-05:00,84.01222229003906,84.66811595016003,83.97363944427602,84.37875564532528,27262300,0.0,0.0,0.0
2024-12-30 00:00:00-05:00,84.68740844726562,84.91889815579718,84.56201236266195,84.71634374096642,48519600,0.0,0.0,0.0
2024-12-31 00:00:00-05:00,84.23406982421875,85.15038847294426,84.16655168545924,85.00570464448096,31917300,0.0,0.0,0.0
2025-01-02 00:00:00-05:00,84.4655532836914,84.99605816248939,84.1183150646463,84.68740278544092,27841300,0.0,0.0,0.0
2025-01-03 00:00:00-05:00,84.19547271728516,84.7645530248709,84.08937175164647,84.61022903052987,21962200,0.0,0.0,0.0
2025-01-06 00:00:00-05:00,83.8193130493164,84.13761599866426,83.59746353218527,83.96399687710408,30231500,0.0,0.0,0.0
2025-01-07 00:00:00-05:00,82.87403869628906,83.69390377935838,82.74864999005342,83.52993223452931,41757200,0.0,0.0,0.0
2025-01-08 00:00:00-05:00,82.98015594482422,83.14412752182733,82.31461472661397,82.44001081637848,44590800,0.0,0.0,0.0
2025-01-10 00:00:00-05:00,82.43035888671875,82.80653241818048,82.1409985942463,82.25673976766525,47115800,0.0,0.0,0.0
2025-01-13 00:00:00-05:00,82.40142059326172,82.62327009911263,82.02524707549586,82.49787402057416,33258900,0.0,0.0,0.0
2025-01-14 00:00:00-05:00,82.26639556884766,82.3339137130884,81.88057444793235,82.20852497633439,33412900,0.0,0.0,0.0
2025-01-15 00:00:00-05:00,83.68426513671875,83.89646707344546,83.33702694187943,83.6263871982961,54120700,0.0,0.0,0.0
2025-01-16 00:00:00-05:00,83.95436096191406,84.30159925316013,83.22130152940278,83.56853982064885,34651100,0.0,0.0,0.0
2025-01-17 00:00:00-05:00,84.09902954101562,84.3787496336747,83.95434571944371,84.33051924017578,29875600,0.0,0.0,0.0
2025-01-21 00:00:00-05:00,84.85137939453125,85.04428625707034,84.52342889750467,84.77421370594557,30548600,0.0,0.0,0.0
2025-01-22 00:00:00-05:00,84.4076919555664,84.86103120008032,84.2244252757181,84.75493021268662,25278400,0.0,0.0,0.0
2025-01-23 00:00:00-05:00,83.75178527832031,83.90610928033277,83.46241765602603,83.56851862693898,31949000,0.0,0.0,0.0
2025-01-24 00:00:00-05:00,84.12796020507812,84.18583078695308,83.52993720964722,83.64568573232158,21110400,0.0,0.0,0.0
2025-01-27 00:00:00-05:00,85.1214370727539,85.29505616227341,84.73561605616345,85.03463120745606,42864200,0.0,0.0,0.0
2025-01-28 00:00:00-05:00,85.06358337402344,85.07322356613122,84.55237355315056,84.72598531819392,25519100,0.0,0.0,0.0
2025-01-29 00:00:00-05:00,84.88995361328125,85.47832905084417,84.52342030920474,85.29506239880591,25342800,0.0,0.0,0.0
2025-01-30 00:00:00-05:00,85.20825958251953,85.56514538039096,85.04428801008885,85.27578508061772,25094900,0.0,0.0,0.0
2025-01-31 00:00:00-05:00,84.64881896972656,85.5169145073536,84.33051604610922,85.24683461648385,48790100,0.0,0.0,0.0
2025-02-03 00:00:00-05:00,85.3380355834961,86.24794152024272,84.98955845531891,85.74458977130931,70657200,0.312,0.0,0.0
2025-02-04 00:00:00-05:00,85.59939575195312,85.6187523114651,84.67980777892254,84.74756681498604,33414000,0.0,0.0,0.0
2025-02-05 00:00:00-05:00,87.01266479492188,87.29338292401674,86.52866954858894,86.58674661489084,48331200,0.0,0.0,0.0
2025-02-06 00:00:00-05:00,86.97393798828125,87.26433806911591,86.68354529262743,86.9836199603573,22509900,0.0,0.0,0.0
2025-02-07 00:00:00-05:00,86.41250610351562,86.58674468371663,86.09307486079811,86.38346757101232,31171200,0.0,0.0,0.0
2025-02-10 00:00:00-05:00,86.1511459350586,86.66417966742497,86.00594589745775,86.40282550788801,22736100,0.0,0.0,0.0
2025-02-11 00:00:00-05:00,85.59939575195312,85.84139336434865,85.5509932754016,85.69619331987512,21513000,0.0,0.0,0.0
2025-02-12 00:00:00-05:00,84.43779754638672,84.7959492326866,84.0796384749069,84.49587460142347,48536200,0.0,0.0,0.0
2025-02-13 00:00:00-05:00,85.84137725830078,86.0446543283513,85.25090260402943,85.27025915990963,42718100,0.0,0.0,0.0
2025-02-14 00:00:00-05:00,86.29634094238281,86.80937464484408,86.26730241359145,86.51897458657002,27460700,0.0,0.0,0.0
2025-02-18 00:00:00-05:00,85.27995300292969,85.9962638330947,85.22187594202407,85.70587114338598,29429200,0.0,0.0,0.0
2025-02-19 00:00:00-05:00,85.38642883300781,85.61874445173044,85.07667221298419,85.13474927136976,20584300,0.0,0.0,0.0
2025-02-20 00:00:00-05:00,85.70587921142578,85.91883830170113,85.61875622668525,85.61875622668525,27913400,0.0,0.0,0.0
2025-02-21 00:00:00-05:00,86.74161529541016,87.05137191000709,85.97690203761582,86.02530450887606,46912300,0.0,0.0,0.0
2025-02-24 00:00:00-05:00,86.99329376220703,87.17720690329413,86.40281906909863,86.47057809690548,26218000,0.0,0.0,0.0
2025-02-25 00:00:00-05:00,88.4936752319336,88.57111623168323,87.89352594682441,88.05808253240724,50125100,0.0,0.0,0.0
2025-02-26 00:00:00-05:00,89.01638793945312,89.11318549332805,88.2807132366798,88.4936722863126,32220200,0.0,0.0,0.0
2025-02-27 00:00:00-05:00,88.38719940185547,88.85183803461443,88.2226428093873,88.38719940185547,53373600,0.0,0.0,0.0
2025-02-28 00:00:00-05:00,89.47135925292969,89.51976173040232,88.5420892898685,88.90992300904443,49388600,0.0,0.0,0.0
2025-03-03 00:00:00-05:00,89.88890838623047,90.0248529941134,88.723666773398,88.76250914828248,42904200,0.29,0.0,0.0
2025-03-04 00:00:00-05:00,88.78192138671875,90.10253242107403,88.62655189635927,89.76267092144401,56722000,0.0,0.0,0.0
2025-03-05 00:00:00-05:00,88.07305145263672,89.1411980613784,87.9856616801529,88.90814385123971,50215900,0.0,0.0,0.0
2025-03-06 00:00:00-05:00,87.78175354003906,88.17016985384068,87.13116047426574,87.85943828448438,42827500,0.0,0.0,0.0
2025-03-07 00:00:00-05:00,87.5001449584961,88.5197367753129,87.38361785106936,88.50031188652957,36903600,0.0,0.0,0.0
2025-03-10 00:00:00-04:00,88.41293334960938,88.97612925269343,88.2769887445451,88.44206327806239,41440800,0.0,0.0,0.0
2025-03-11 00:00:00-04:00,87.78175354003906,88.84018040151282,87.52928182480427,88.33524437946824,40555700,0.0,0.0,0.0
2025-03-12 00:00:00-04:00,87.25739288330078,87.76232890682465,87.17970813862787,87.39333748226586,32734600,0.0,0.0,0.0
2025-03-13 00:00:00-04:00,88.02450561523438,88.08276546459388,86.7912844753462,86.98549632058516,38675400,0.0,0.0,0.0
2025-03-14 00:00:00-04:00,87.55840301513672,87.79145722521812,87.25738392097854,87.40304095017336,24658000,0.0,0.0,0.0
2025-03-17 00:00:00-04:00,87.99539184570312,88.5391702953562,87.76233758862973,88.17017883429529,26700300,0.0,0.0,0.0
2025-03-18 00:00:00-04:00,88.082763671875,88.38378276533837,87.50985540903513,87.52927288895164,23654700,0.0,0.0,0.0
2025-03-19 00:00:00-04:00,88.53915405273438,88.57799642178759,87.76232148851885,88.05363555220576,31378700,0.0,0.0,0.0
2025-03-20 00:00:00-04:00,88.59741973876953,89.56845680379725,88.51974240397021,89.52961443218516,35645800,0.0,0.0,0.0
2025-03-21 00:00:00-04:00,88.07305145263672,88.79162415459463,87.99537412434807,88.68480949372046,29192100,0.0,0.0,0.0
2025-03-24 00:00:00-04:00,87.16998291015625,87.64579634518208,87.10201062064169,87.58752909100964,27985600,0.0,0.0,0.0
2025-03-25 00:00:00-04:00,87.1602783203125,87.47100984659926,86.91751908388771,86.975778929934,22333800,0.0,0.0,0.0
2025-03-26 00:00:00-04:00,86.58736419677734,87.00491038712758,86.50967946172983,86.80099351394594,25095600,0.0,0.0,0.0
2025-03-27 00:00:00-04:00,86.33490753173828,86.45142723615774,86.06301093510177,86.2766402711038,23674500,0.0,0.0,0.0
2025-03-28 00:00:00-04:00,87.5292739868164,87.72347842211428,87.20883000099302,87.27680229418971,39869400,0.0,0.0,0.0
2025-03-31 00:00:00-04:00,88.39350891113281,88.6945280512563,87.74291581093188,88.58772078252328,38824300,0.0,0.0,0.0
2025-04-01 00:00:00-04:00,89.15947723388672,89.5687842432818,88.88661085099086,88.92559282498331,39800100,0.326,0.0,0.0
2025-04-02 00:00:00-04:00,89.10101318359375,90.01707103817967,88.35063058689481,90.01707103817967,43488400,0.0,0.0,0.0
2025-04-03 00:00:00-04:00,89.51031494140625,90.36790356981234,89.50056758834202,90.16324633072313,57467400,0.0,0.0,0.0
2025-04-04 00:00:00-04:00,90.4848403930664,91.69325192386682,90.45560576946627,91.26446505264514,92794200,0.0,0.0,0.0
2025-04-07 00:00:00-04:00,87.75617218017578,89.84165967089268,87.51254039448406,89.53955120079955,124987600,0.0,0.0,0.0
2025-04-08 00:00:00-04:00,86.09947204589844,87.90234578283687,85.97278619326673,87.00578259101536,73861900,0.0,0.0,0.0
2025-04-09 00:00:00-04:00,86.60621643066406,86.64519840253892,83.70212272391977,85.04696729587333,131353500,0.0,0.0,0.0
2025-04-10 00:00:00-04:00,84.2186279296875,85.93379766131466,84.15041133192655,85.50500336964498,78592000,0.0,0.0,0.0
2025-04-11 00:00:00-04:00,84.67666625976562,85.07622597326072,82.83481048035947,83.68265180542434,94814100,0.0,0.0,0.0
2025-04-14 00:00:00-04:00,85.28086853027344,85.47577097608695,84.60844245262885,85.17366995456048,37596400,0.0,0.0,0.0
2025-04-15 00:00:00-04:00,85.58296203613281,85.94353970777976,84.82283215514025,84.93003072143931,22553900,0.0,0.0,0.0
2025-04-16 00:00:00-04:00,86.06047058105469,86.24563307648022,85.24187153084789,85.56346720130787,35607300,0.0,0.0,0.0
2025-04-17 00:00:00-04:00,85.30035400390625,85.95328536218386,85.00800034134465,85.797364895828,31758400,0.0,0.0,0.0
2025-04-21 00:00:00-04:00,83.809326171875,84.85206981637884,83.78983890232739,84.39404091397084,39343200,0.0,0.0,0.0
2025-04-22 00:00:00-04:00,84.27711486816406,84.80335300920137,84.19915090836135,84.60845054474699,32552100,0.0,0.0,0.0
2025-04-23 00:00:00-04:00,85.09571075439453,86.79138591983288,84.94953019434506,86.61597073478393,44082200,0.0,0.0,0.0
2025-04-24 00:00:00-04:00,85.99226379394531,86.09946236298256,85.52449497910207,85.78761400806998,24190800,0.0,0.0,0.0
2025-04-25 00:00:00-04:00,86.6257095336914,86.84010667591825,86.3430957948516,86.63545688607937,22513900,0.0,0.0,0.0
2025-04-28 00:00:00-04:00,87.17144775390625,87.24941170777912,86.35284854339679,86.40157787333028,20130500,0.0,0.0,0.0
2025-04-29 00:00:00-04:00,87.90235137939453,87.91209873331051,87.02528283832268,87.04477011110208,22129500,0.0,0.0,0.0
2025-04-30 00:00:00-04:00,87.19093322753906,87.75616068068945,87.05450004023395,87.49303422299309,42630600,0.0,0.0,0.0
2025-05-01 00:00:00-04:00,86.74882507324219,87.32590803299676,86.36736168503634,87.30634906080522,29932800,0.328,0.0,0.0
2025-05-02 00:00:00-04:00,85.80984497070312,86.14239976300493,85.62400113829392,85.79027853444482,32090400,0.0,0.0,0.0
2025-05-05 00:00:00-04:00,85.33055114746094,85.49683598040254,84.92952881485542,85.43814414307876,22862800,0.0,0.0,0.0
2025-05-06 00:00:00-04:00,85.61420440673828,85.61420440673828,84.74368469087081,84.90018630659914,21095200,0.0,0.0,0.0
2025-05-07 00:00:00-04:00,85.97611236572266,86.27932493077488,85.8978615546098,85.99567133729683,23161600,0.0,0.0,0.0
2025-05-08 00:00:00-04:00,85.01757049560547,86.13261859174096,84.98822830292966,86.0934931807035,25483700,0.0,0.0,0.0
2025-05-09 00:00:00-04:00,85.14473724365234,85.39904124357497,85.01757778128126,85.09582861006196,17007900,0.0,0.0,0.0
2025-05-12 00:00:00-04:00,84.35245513916016,84.88063700523674,84.30355397118096,84.48939034935675,32115000,0.0,0.0,0.0
2025-05-13 00:00:00-04:00,84.0101089477539,84.40135556560409,83.62864554751232,84.2448539335006,53912200,0.0,0.0,0.0
2025-05-14 00:00:00-04:00,83.45259094238281,83.99055601340463,83.33521470986649,83.8731797808883,42119800,0.0,0.0,0.0
2025-05-15 00:00:00-04:00,84.18617248535156,84.43070069722518,83.60908948728607,83.75580044448319,59448000,0.0,0.0,0.0
2025-05-16 00:00:00-04:00,84.4111328125,84.98821574964319,84.31331556815002,84.968656778218,31778200,0.0,0.0,0.0
2025-05-19 00:00:00-04:00,84.1666030883789,84.2350706807279,82.97330436823249,83.05155517731932,49361900,0.0,0.0,0.0
2025-05-20 00:00:00-04:00,83.5601806640625,83.72645805676865,83.19827622487077,83.5601806640625,35493100,0.0,0.0,0.0
2025-05-21 00:00:00-04:00,82.13213348388672,83.19827286008228,81.92673069019057,82.82659268040473,77053100,0.0,0.0,0.0
2025-05-22 00:00:00-04:00,82.56250762939453,82.58206660255063,81.47680179021896,81.69198034457065,61747900,0.0,0.0,0.0
2025-05-23 00:00:00-04:00,82.69943237304688,82.96351952051334,82.4646799504014,82.9146109001936,47139200,0.0,0.0,0.0
2025-05-27 00:00:00-04:00,83.8536148071289,84.14704417381186,83.28630758416989,83.48192716195852,56773400,0.0,0.0,0.0
2025-05-28 00:00:00-04:00,83.49170684814453,83.66776744567095,83.11024346390536,83.54061547172729,34806800,0.0,0.0,0.0
2025-05-29 00:00:00-04:00,84.26441955566406,84.37201256109493,83.76557993615808,83.8927319142089,38933200,0.0,0.0,0.0
2025-05-30 00:00:00-04:00,84.39157104492188,84.57741486457306,84.00032443311285,84.20572722527069,49042100,0.0,0.0,0.0
2025-06-02 00:00:00-04:00,83.60618591308594,83.91052729873485,83.24293418588042,83.73381125444428,46213100,0.32,0.0,0.0
2025-06-03 00:00:00-04:00,83.45891571044922,84.1755919880952,83.34110252540822,83.8810702607764,33731300,0.0,0.0,0.0
2025-06-04 00:00:00-04:00,84.81373596191406,85.06899412475214,84.08724002634806,84.22468500090947,57441500,0.0,0.0,0.0
2025-06-05 00:00:00-04:00,84.87262725830078,85.3438724570733,84.64682804090913,85.09843396588077,37664700,0.0,0.0,0.0
2025-06-06 00:00:00-04:00,83.7927017211914,84.36212083421044,83.72397924135728,84.2246758745422,38130100,0.0,0.0,0.0
2025-06-09 00:00:00-04:00,83.88106536865234,84.07741317541345,83.48836226494141,83.48836226494141,26560800,0.0,0.0,0.0
2025-06-10 00:00:00-04:00,84.31303405761719,84.6075632649902,83.95960200484512,84.5290211443322,24857000,0.0,0.0,0.0
2025-06-11 00:00:00-04:00,84.56829071044922,84.82354885298315,84.14613618210757,84.244310086101,36334800,0.0,0.0,0.0
2025-06-12 00:00:00-04:00,85.57949829101562,85.60894971393057,85.01989878506465,85.30460835689078,43017800,0.0,0.0,0.0
2025-06-13 00:00:00-04:00,84.75482940673828,85.2947896431357,84.21486168015183,85.14753252696579,49374000,0.0,0.0,0.0
2025-06-16 00:00:00-04:00,83.90070343017578,84.85300609360874,83.90070343017578,84.50939366097552,36496600,0.0,0.0,0.0
2025-06-17 00:00:00-04:00,84.92171478271484,85.07879900650494,84.18539933662194,84.43083781865292,34521600,0.0,0.0,0.0
2025-06-18 00:00:00-04:00,85.0689926147461,85.50095931704756,84.77446339437712,85.29479185886498,38589000,0.0,0.0,0.0
2025-06-20 00:00:00-04:00,84.91190338134766,85.2064325844249,84.38175530992189,84.56829097121673,26001900,0.0,0.0,0.0
2025-06-23 00:00:00-04:00,85.1867904663086,85.84457133253558,85.1867904663086,85.34387470009072,36851800,0.0,0.0,0.0
2025-06-24 00:00:00-04:00,85.80530548095703,85.9918336571566,84.85300285388341,84.892273914712,32959100,0.0,0.0,0.0
2025-06-25 00:00:00-04:00,85.91329193115234,85.91329193115234,85.21624751193052,85.520588845484,26345300,0.0,0.0,0.0
2025-06-26 00:00:00-04:00,86.34526062011719,86.34526062011719,85.6089451259484,85.99182858370109,30467500,0.0,0.0,0.0
2025-06-27 00:00:00-04:00,85.79547882080078,86.55143357204516,85.64821422729449,85.97219483497065,74993500,0.0,0.0,0.0
2025-06-30 00:00:00-04:00,86.63978576660156,86.8263214132709,86.01146384014382,86.25690232673476,53695200,0.0,0.0,0.0
2025-07-01 00:00:00-04:00,86.8546142578125,87.02213326723529,86.38161852319148,86.8447579872195,38960600,0.328,0.0,0.0
2025-07-02 00:00:00-04:00,86.30278015136719,86.31262890345842,85.82977691639044,85.91846831213105,39382200,0.0,0.0,0.0
2025-07-03 00:00:00-04:00,85.70167541503906,86.0170083987554,85.58342272684618,85.89875571056251,26729100,0.0,0.0,0.0
2025-07-07 00:00:00-04:00,84.8837890625,85.29766224838343,84.66699619804706,85.27795722349332,38314700,0.0,0.0,0.0
2025-07-08 00:00:00-04:00,84.77538299560547,84.78523926599654,84.19399085076775,84.32209229332568,31407000,0.0,0.0,0.0
2025-07-09 00:00:00-04:00,85.66226196289062,85.66226196289062,84.92319954201608,84.93305581270462,29821900,0.0,0.0,0.0
2025-07-10 00:00:00-04:00,85.72138214111328,85.79036099773063,85.22867387438038,85.56371940518713,24525500,0.0,0.0,0.0
2025-07-11 00:00:00-04:00,84.53887939453125,85.01187508735413,84.39106542122498,84.97246504472804,40764800,0.0,0.0,0.0
2025-07-14 00:00:00-04:00,84.36151123046875,84.6275703903081,84.07573952952629,84.29253237287102,24609500,0.0,0.0,0.0
2025-07-15 00:00:00-04:00,83.77027130126953,84.65714778756362,83.66187486860402,84.63743524446132,40455000,0.0,0.0,0.0
2025-07-16 00:00:00-04:00,83.88850402832031,84.41078108910995,82.96221762965747,84.03631800710488,65987700,0.0,0.0,0.0
2025-07-17 00:00:00-04:00,83.86880493164062,84.24326052196986,83.75055223663212,83.97720135586547,31875500,0.0,0.0,0.0
2025-07-18 00:00:00-04:00,83.99690246582031,84.21369530416946,83.85894475380385,84.18413401132757,27534900,0.0,0.0,0.0
2025-07-21 00:00:00-04:00,84.7458267211914,85.2483912870568,84.70640915542432,84.9626195738444,40019500,0.0,0.0,0.0
2025-07-22 00:00:00-04:00,85.25823974609375,85.50459389269011,84.8542228551043,84.91334544448522,35190300,0.0,0.0,0.0
2025-07-23 00:00:00-04:00,84.78524017333984,84.94290291062674,84.53888603784716,84.7950964438364,31008500,0.0,0.0,0.0
2025-07-24 00:00:00-04:00,84.63742065429688,84.98231491780899,84.26296509935959,84.30238266063684,25164800,0.0,0.0,0.0
2025-07-25 00:00:00-04:00,85.16954803466797,85.17940430470293,84.4699032248097,84.548738348827,27196200,0.0,0.0,0.0
2025-07-28 00:00:00-04:00,84.61771392822266,84.94289564548029,84.57829636773941,84.73595909154146,26812500,0.0,0.0,0.0
2025-07-29 00:00:00-04:00,86.04656982421875,86.06627484654899,84.9429006204407,84.97246943113312,47828300,0.0,0.0,0.0
2025-07-30 00:00:00-04:00,85.60314178466797,85.69182566896606,85.29765752977784,85.50459411127197,40670900,0.0,0.0,0.0
2025-07-31 00:00:00-04:00,85.65239715576172,86.13525663566433,85.57356203437382,85.85933371080671,49814100,0.0,0.0,0.0
2025-08-01 00:00:00-04:00,86.87008666992188,86.97889744865327,86.57332862849617,86.61289687047763,63434500,0.331,0.0,0.0
2025-08-04 00:00:00-04:00,87.10749053955078,87.19652097273467,86.7019292571172,87.00857370580142,36425200,0.0,0.0,0.0
2025-08-05 00:00:00-04:00,87.37457275390625,87.49326993356743,86.83051885755744,86.89976139464996,28586100,0.0,0.0,0.0
2025-08-06 00:00:00-04:00,86.87008666992188,87.09760217459765,85.97982009251525,86.88986701747736,42589300,0.0,0.0,0.0
2025-08-07 00:00:00-04:00,86.7217025756836,87.29543073054391,86.64256609635044,86.96899841344718,29213100,0.0,0.0,0.0
2025-08-08 00:00:00-04:00,86.3458251953125,86.44474203201426,86.20734011455586,86.41506773569083,21596300,0.0,0.0,0.0
2025-08-11 00:00:00-04:00,86.44474029541016,86.72171045135934,86.33592951316287,86.59311932091744,20100900,0.0,0.0,0.0
2025-08-12 00:00:00-04:00,86.0094985961914,86.02928649158571,85.61383125075565,85.96004395144736,41052300,0.0,0.0,0.0
2025-08-13 00:00:00-04:00,86.7217025756836,86.8601876410816,86.48430068455417,86.49419463118834,30817500,0.0,0.0,0.0
2025-08-14 00:00:00-04:00,86.07874298095703,86.5634483191833,85.95015184562185,86.5634483191833,33397400,0.0,0.0,0.0
2025-08-15 00:00:00-04:00,85.46544647216797,85.84133344378841,85.31706745417793,85.72263626689266,36343600,0.0,0.0,0.0
2025-08-18 00:00:00-04:00,85.21815490722656,85.60393584526636,85.05988193425088,85.56436760202244,26777500,0.0,0.0,0.0
2025-08-19 00:00:00-04:00,85.71275329589844,85.81167013826857,85.51491206428683,85.51491206428683,28780600,0.0,0.0,0.0
2025-08-20 00:00:00-04:00,85.90068054199219,86.02927921055873,85.62371040487999,85.65338469858912,25912500,0.0,0.0,0.0
2025-08-21 00:00:00-04:00,85.475341796875,85.74241799606546,85.17858375611185,85.6237132703861,28643900,0.0,0.0,0.0
2025-08-22 00:00:00-04:00,86.1084213256836,86.35571718526698,85.78198897978456,85.8907997617509,49871900,0.0,0.0,0.0
2025-08-25 00:00:00-04:00,85.86112213134766,86.10841798132634,85.71274311198637,85.79187959522845,27011900,0.0,0.0,0.0
2025-08-26 00:00:00-04:00,85.81166076660156,85.85122900860256,85.2873947671118,85.57425886146612,30259300,0.0,0.0,0.0
2025-08-27 00:00:00-04:00,85.71275329589844,85.72264724419684,85.06978250018555,85.17859329085411,38142800,0.0,0.0,0.0
2025-08-28 00:00:00-04:00,86.27658081054688,86.31614905375588,85.72264049936221,85.8413376821185,32205900,0.0,0.0,0.0
2025-08-29 00:00:00-04:00,85.66328430175781,85.9204741090028,85.50501887590217,85.82155727448418,41686400,0.0,0.0,0.0
2025-09-02 00:00:00-04:00,85.02581024169922,85.23432761738546,84.87687467018273,85.02581024169922,48760600,0.328,0.0,0.0
2025-09-03 00:00:00-04:00,85.95918273925781,86.19748723621429,85.28398035157835,85.32369903033165,52499500,0.0,0.0,0.0
2025-09-04 00:00:00-04:00,86.6145248413086,86.62444882878198,85.9691096040793,86.40599989536011,40501600,0.0,0.0,0.0
2025-09-05 00:00:00-04:00,87.93514251708984,87.98479276103552,87.51810773997519,87.59754510006282,69668000,0.0,0.0,0.0
2025-09-08 00:00:00-04:00,89.1068115234375,89.12667465000617,88.49119095994534,88.54083362524074,54538700,0.0,0.0,0.0
2025-09-09 00:00:00-04:00,88.60041809082031,88.91815994539526,88.36210601821658,88.76921679390877,37126400,0.0,0.0,0.0
2025-09-10 00:00:00-04:00,89.1068115234375,89.43448493175224,88.5606967518094,88.76921412740157,40713600,0.0,0.0,0.0
2025-09-11 00:00:00-04:00,89.70257568359375,89.84159484156407,89.26568538555512,89.27561694874508,46694400,0.0,0.0,0.0
2025-09-12 00:00:00-04:00,89.3153305053711,89.34512519575996,88.85857706839784,89.19618204606876,32968600,0.0,0.0,0.0
2025-09-15 00:00:00-04:00,89.52385711669922,89.82173584602985,89.43448819500563,89.5139255530525,24820100,0.0,0.0,0.0
2025-09-16 00:00:00-04:00,89.71250915527344,89.86145230403919,89.40469886990392,89.45434153578368,26794200,0.0,0.0,0.0
2025-09-17 00:00:00-04:00,89.48413848876953,90.39764538013988,89.23590242640388,90.06997195968201,49121800,0.0,0.0,0.0
2025-09-18 00:00:00-04:00,88.5606918334961,88.83871498551198,88.27273711874741,88.63019762150006,55717900,0.0,0.0,0.0
2025-09-19 00:00:00-04:00,88.39189147949219,88.60041643300957,88.1635185503076,88.44154172091314,32509200,0.0,0.0,0.0
2025-09-22 00:00:00-04:00,88.07415008544922,88.28267504004289,87.91528294809603,88.19330612013655,24758200,0.0,0.0,0.0
2025-09-23 00:00:00-04:00,88.68977355957031,88.72949223570575,88.12379568187544,88.34224461283887,26689000,0.0,0.0,0.0
2025-09-24 00:00:00-04:00,88.35218048095703,88.53091074449415,88.07414973446123,88.45147338835248,28098000,0.0,0.0,0.0
2025-09-25 00:00:00-04:00,88.35218048095703,88.40182314687314,87.83584524159949,88.22309288333602,29882500,0.0,0.0,0.0
2025-09-26 00:00:00-04:00,88.27274322509766,88.8387211310143,88.06422584666134,88.36210456918612,30955100,0.0,0.0,0.0
2025-09-29 00:00:00-04:00,88.99758911132812,89.10681358329128,88.63020459250963,88.65999170748806,32286200,0.0,0.0,0.0
2025-09-30 00:00:00-04:00,88.73943328857422,89.40470413997143,88.58055856704216,89.02738803967831,38584000,0.0,0.0,0.0
2025-10-01 00:00:00-04:00,88.96859741210938,89.31733605047484,88.7693127602347,89.12801753167695,39408900,0.31,0.0,0.0
2025-10-02 00:00:00-04:00,89.22766876220703,89.36716422553205,88.86896397024766,88.98852716627904,23208300,0.0,0.0,0.0
2025-10-03 00:00:00-04:00,89.05827331542969,89.39705343600811,88.94866865306012,89.30737343864553,25884500,0.0,0.0,0.0
2025-10-06 00:00:00-04:00,88.350830078125,88.83907179412684,88.33090541307283,88.39068701016183,28371000,0.0,0.0,0.0
2025-10-07 00:00:00-04:00,88.85899353027344,89.05827058195669,88.49032262253395,88.64975034542634,29103300,0.0,0.0,0.0
2025-10-08 00:00:00-04:00,88.92874145507812,89.29741236363232,88.80917066264459,89.27748009726061,22506200,0.0,0.0,0.0
2025-10-09 00:00:00-04:00,88.85899353027344,88.9685981892789,88.68960727614945,88.8490273971096,21578700,0.0,0.0,0.0
2025-10-10 00:00:00-04:00,90.29381561279297,90.39345414192766,89.57640603993124,89.65611990401199,59389400,0.0,0.0,0.0
2025-10-13 00:00:00-04:00,90.24398803710938,90.2539541701045,89.53654463309697,89.95503099570733,28035500,0.0,0.0,0.0
2025-10-14 00:00:00-04:00,90.53295135498047,90.59273295323159,90.1044988296712,90.32370815916887,29800000,0.0,0.0,0.0
2025-10-15 00:00:00-04:00,90.33367156982422,90.97136727172229,90.14435304515897,90.63258715400195,31333900,0.0,0.0,0.0
2025-10-16 00:00:00-04:00,91.01121520996094,91.17064293396422,90.12441940050647,90.19416712927483,39631200,0.0,0.0,0.0
2025-10-17 00:00:00-04:00,90.87171936035156,90.96139935519955,90.57280378203353,90.92154242437068,40240400,0.0,0.0,0.0
2025-10-20 00:00:00-04:00,91.22046661376953,91.23042514513772,90.95143422818158,91.13078661792943,28429300,0.0,0.0,0.0
2025-10-21 00:00:00-04:00,91.6688461303711,91.85816465825876,91.57917373417118,91.65887999681581,24514300,0.0,0.0,0.0
2025-10-22 00:00:00-04:00,91.72862243652344,91.84819322649183,91.48948845851876,91.65887470952491,30496200,0.0,0.0,0.0
2025-10-23 00:00:00-04:00,91.10089874267578,91.45960353367951,90.9614032797224,91.28025113817765,28275100,0.0,0.0,0.0
2025-10-24 00:00:00-04:00,91.14075469970703,91.27028402765374,90.83187297817814,91.26031789414014,28266000,0.0,0.0,0.0
2025-10-27 00:00:00-04:00,91.44963073730469,91.45959687019885,90.76211200431605,90.99128744928962,30033600,0.0,0.0,0.0
2025-10-28 00:00:00-04:00,91.68876647949219,91.84819420114181,91.47952329627618,91.5193802266886,23564500,0.0,0.0,0.0
2025-10-29 00:00:00-04:00,90.76211547851562,91.55923889805631,90.69236774945074,91.54927276478065,39551600,0.0,0.0,0.0
2025-10-30 00:00:00-04:00,90.23402404785156,90.64255188910451,90.02478086157528,90.06463779257061,42649200,0.0,0.0,0.0
2025-10-31 00:00:00-04:00,89.96499633789062,90.33366723614883,89.87531634558694,90.23402111093762,38247300,0.0,0.0,0.0
2025-11-03 00:00:00-05:00,89.73999786376953,89.81999969482422,89.41999816894531,89.62000274658203,40752300,0.325,0.0,0.0
2025-11-04 00:00:00-05:00,89.94000244140625,90.05999755859375,89.73999786376953,89.77999877929688,26383800,0.0,0.0,0.0
2025-11-05 00:00:00-05:00,88.95999908447266,89.55000305175781,88.87999725341797,89.51000213623047,44643400,0.0,0.0,0.0
2025-11-06 00:00:00-05:00,89.76000213623047,89.8499984741211,89.52999877929688,89.55999755859375,33027400,0.0,0.0,0.0
2025-11-07 00:00:00-05:00,89.56999969482422,89.87000274658203,89.36000061035156,89.36000061035156,28530100,0.0,0.0,0.0
2025-11-10 00:00:00-05:00,89.55000305175781,89.66999816894531,89.38999938964844,89.48999786376953,24093500,0.0,0.0,0.0
2025-11-11 00:00:00-05:00,89.95999908447266,90.06999969482422,89.77999877929688,89.94999694824219,18942300,0.0,0.0,0.0
2025-11-12 00:00:00-05:00,90.12000274658203,90.31999969482422,89.87999725341797,89.94999694824219,23594900,0.0,0.0,0.0
2025-11-13 00:00:00-05:00,89.37999725341797,89.94000244140625,89.37999725341797,89.80000305175781,33825900,0.0,0.0,0.0
2025-11-14 00:00:00-05:00,88.87000274658203,89.83999633789062,88.87000274658203,89.79000091552734,38550500,0.0,0.0,0.0
2025-11-17 00:00:00-05:00,89.08999633789062,89.30000305175781,88.9800033569336,89.08000183105469,25605800,0.0,0.0,0.0
2025-11-18 00:00:00-05:00,89.05999755859375,89.44999694824219,88.80000305175781,89.3499984741211,31967400,0.0,0.0,0.0
2025-11-19 00:00:00-05:00,88.87999725341797,89.30999755859375,88.8499984741211,89.2300033569336,25782400,0.0,0.0,0.0
2025-11-20 00:00:00-05:00,89.2300033569336,89.41999816894531,88.98999786376953,88.98999786376953,32945000,0.0,0.0,0.0
2025-11-21 00:00:00-05:00,89.5,89.66999816894531,89.19999694824219,89.6500015258789,41938600,0.0,0.0,0.0
2025-11-24 00:00:00-05:00,90.01000213623047,90.06999969482422,89.77999877929688,89.94999694824219,30865700,0.0,0.0,0.0
2025-11-25 00:00:00-05:00,90.23999786376953,90.58999633789062,90.12999725341797,90.30999755859375,36503300,0.0,0.0,0.0
2025-11-26 00:00:00-05:00,90.63999938964844,90.63999938964844,89.83000183105469,90.1500015258789,34099000,0.0,0.0,0.0
2025-11-28 00:00:00-05:00,90.20999908447266,90.52999877929688,89.94999694824219,90.45999908447266,40704300,0.0,0.0,0.0
2025-12-01 00:00:00-05:00,88.7699966430664,88.98999786376953,88.70999908447266,88.8499984741211,47042700,0.0,0.0,0.0
